ID,Class
img_1,4
img_2,4
img_3,2
img_4,3
img_5,3
img_6,3
img_7,1
img_8,1
img_9,1
img_10,1
img_11,1
img_12,4
img_13,4
img_14,3
img_15,1
img_16,4
img_17,2
img_18,3
img_19,4
img_20,4
img_21,2
img_22,3
img_23,4
img_24,4
img_25,2
img_26,2
img_27,2
img_28,4
img_29,4
img_30,4
img_31,2
img_32,2
img_33,2
img_34,4
img_35,4
img_36,4
img_37,2
img_38,2
img_39,2
img_40,1
img_41,4
img_42,4
img_43,4
img_44,4
img_45,2
img_46,2
img_47,2
img_48,1
img_49,4
img_50,3
img_51,4
img_52,2
img_53,2
img_54,2
img_55,1
img_56,4
img_57,4
img_58,4
img_59,2
img_60,2
img_61,4
img_62,4
img_63,2
img_64,4
img_65,4
img_66,4
img_67,1
img_68,1
img_69,1
img_70,4
img_71,1
img_72,4
img_73,3
img_74,1
img_75,4
img_76,1
img_77,4
img_78,1
img_79,4
img_80,4
img_81,2
img_82,2
img_83,3
img_84,3
img_85,3
img_86,3
img_87,2
img_88,3
img_89,3
img_90,3
img_91,3
img_92,2
img_93,3
img_94,3
img_95,3
img_96,3
img_97,2
img_98,3
img_99,3
img_100,3
img_101,3
img_102,2
img_103,3
img_104,3
img_105,3
img_106,1
img_107,2
img_108,3
img_109,3
img_110,3
img_111,3
img_112,2
img_113,3
img_114,3
img_115,3
img_116,3
img_117,2
img_118,3
img_119,3
img_120,3
img_121,3
img_122,2
img_123,2
img_124,3
img_125,3
img_126,3
img_127,3
img_128,3
img_129,3
img_130,3
img_131,2
img_132,2
img_133,2
img_134,4
img_135,4
img_136,2
img_137,4
img_138,4
img_139,2
img_140,2
img_141,2
img_142,2
img_143,4
img_144,4
img_145,2
img_146,2
img_147,4
img_148,4
img_149,4
img_150,2
img_151,2
img_152,4
img_153,4
img_154,4
img_155,2
img_156,4
img_157,4
img_158,2
img_159,2
img_160,4
img_161,4
img_162,2
img_163,4
img_164,4
img_165,2
img_166,4
img_167,4
img_168,2
img_169,4
img_170,2
img_171,4
img_172,4
img_173,4
img_174,2
img_175,1
img_176,4
img_177,4
img_178,2
img_179,2
img_180,1
img_181,4
img_182,4
img_183,2
img_184,1
img_185,2
img_186,2
img_187,2
img_188,4
img_189,2
img_190,2
img_191,4
img_192,4
img_193,2
img_194,2
img_195,4
img_196,2
img_197,2
img_198,2
img_199,4
img_200,4
img_201,2
img_202,4
img_203,2
img_204,3
img_205,3
img_206,2
img_207,2
img_208,4
img_209,4
img_210,2
img_211,2
img_212,4
img_213,2
img_214,2
img_215,4
img_216,2
img_217,2
img_218,4
img_219,4
img_220,2
img_221,4
img_222,4
img_223,2
img_224,2
img_225,4
img_226,4
img_227,2
img_228,4
img_229,4
img_230,2
img_231,4
img_232,2
img_233,3
img_234,1
img_235,1
img_236,4
img_237,4
img_238,3
img_239,1
img_240,4
img_241,3
img_242,1
img_243,4
img_244,3
img_245,1
img_246,1
img_247,1
img_248,3
img_249,1
img_250,3
img_251,1
img_252,3
img_253,4
img_254,1
img_255,1
img_256,4
img_257,1
img_258,1
img_259,4
img_260,1
img_261,1
img_262,4
img_263,4
img_264,2
img_265,2
img_266,4
img_267,1
img_268,3
img_269,3
img_270,3
img_271,1
img_272,3
img_273,3
img_274,4
img_275,2
img_276,2
img_277,3
img_278,3
img_279,3
img_280,3
img_281,3
img_282,3
img_283,4
img_284,4
img_285,2
img_286,2
img_287,3
img_288,3
img_289,4
img_290,3
img_291,2
img_292,2
img_293,3
img_294,3
img_295,4
img_296,3
img_297,2
img_298,4
img_299,4
img_300,2
img_301,4
img_302,4
img_303,2
img_304,1
img_305,4
img_306,4
img_307,4
img_308,2
img_309,2
img_310,1
img_311,4
img_312,4
img_313,2
img_314,2
img_315,1
img_316,4
img_317,4
img_318,2
img_319,2
img_320,4
img_321,4
img_322,2
img_323,4
img_324,4
img_325,2
img_326,4
img_327,2
img_328,4
img_329,2
img_330,4
img_331,2
img_332,4
img_333,2
img_334,4
img_335,2
img_336,2
img_337,2
img_338,4
img_339,4
img_340,2
img_341,2
img_342,2
img_343,2
img_344,4
img_345,4
img_346,4
img_347,2
img_348,2
img_349,4
img_350,4
img_351,2
img_352,2
img_353,2
img_354,4
img_355,4
img_356,2
img_357,2
img_358,2
img_359,4
img_360,4
img_361,2
img_362,2
img_363,4
img_364,4
img_365,2
img_366,2
img_367,4
img_368,2
img_369,2
img_370,3
img_371,4
img_372,2
img_373,2
img_374,3
img_375,4
img_376,2
img_377,2
img_378,1
img_379,4
img_380,2
img_381,2
img_382,1
img_383,4
img_384,2
img_385,2
img_386,1
img_387,4
img_388,2
img_389,2
img_390,4
img_391,2
img_392,2
img_393,4
img_394,4
img_395,2
img_396,2
img_397,4
img_398,4
img_399,3
img_400,4
img_401,2
img_402,4
img_403,2
img_404,4
img_405,2
img_406,3
img_407,2
img_408,4
img_409,4
img_410,2
img_411,2
img_412,4
img_413,2
img_414,2
img_415,2
img_416,4
img_417,4
img_418,2
img_419,2
img_420,3
img_421,4
img_422,2
img_423,2
img_424,3
img_425,3
img_426,3
img_427,3
img_428,4
img_429,2
img_430,2
img_431,4
img_432,2
img_433,4
img_434,2
img_435,2
img_436,4
img_437,4
img_438,2
img_439,2
img_440,4
img_441,4
img_442,2
img_443,2
img_444,4
img_445,2
img_446,2
img_447,1
img_448,1
img_449,4
img_450,1
img_451,1
img_452,1
img_453,1
img_454,4
img_455,4
img_456,1
img_457,1
img_458,1
img_459,1
img_460,4
img_461,4
img_462,3
img_463,1
img_464,1
img_465,3
img_466,4
img_467,4
img_468,1
img_469,4
img_470,2
img_471,3
img_472,1
img_473,1
img_474,3
img_475,3
img_476,3
img_477,4
img_478,4
img_479,4
img_480,2
img_481,3
img_482,1
img_483,3
img_484,3
img_485,3
img_486,3
img_487,4
img_488,4
img_489,2
img_490,3
img_491,3
img_492,3
img_493,3
img_494,3
img_495,4
img_496,4
img_497,2
img_498,3
img_499,3
img_500,3
img_501,3
img_502,3
img_503,4
img_504,4
img_505,2
img_506,2
img_507,1
img_508,3
img_509,3
img_510,2
img_511,2
img_512,2
img_513,4
img_514,4
img_515,2
img_516,2
img_517,3
img_518,4
img_519,2
img_520,2
img_521,4
img_522,4
img_523,2
img_524,2
img_525,2
img_526,4
img_527,4
img_528,2
img_529,2
img_530,4
img_531,2
img_532,2
img_533,4
img_534,2
img_535,2
img_536,4
img_537,4
img_538,2
img_539,2
img_540,4
img_541,2
img_542,2
img_543,2
img_544,4
img_545,4
img_546,2
img_547,2
img_548,4
img_549,4
img_550,2
img_551,2
img_552,4
img_553,2
img_554,2
img_555,4
img_556,2
img_557,2
img_558,2
img_559,2
img_560,2
img_561,2
img_562,2
img_563,1
img_564,2
img_565,1
img_566,2
img_567,3
img_568,2
img_569,2
img_570,3
img_571,2
img_572,3
img_573,2
img_574,3
img_575,1
img_576,2
img_577,1
img_578,2
img_579,4
img_580,2
img_581,4
img_582,1
img_583,4
img_584,4
img_585,4
img_586,4
img_587,4
img_588,4
img_589,1
img_590,3
img_591,3
img_592,3
img_593,4
img_594,4
img_595,3
img_596,4
img_597,4
img_598,2
img_599,1
img_600,4
img_601,4
img_602,4
img_603,4
img_604,4
img_605,2
img_606,2
img_607,3
img_608,1
img_609,4
img_610,4
img_611,4
img_612,4
img_613,4
img_614,2
img_615,2
img_616,3
img_617,3
img_618,4
img_619,4
img_620,4
img_621,4
img_622,4
img_623,2
img_624,2
img_625,3
img_626,4
img_627,4
img_628,4
img_629,4
img_630,4
img_631,4
img_632,2
img_633,2
img_634,2
img_635,2
img_636,4
img_637,4
img_638,4
img_639,2
img_640,2
img_641,2
img_642,2
img_643,4
img_644,4
img_645,4
img_646,2
img_647,2
img_648,2
img_649,2
img_650,4
img_651,4
img_652,4
img_653,2
img_654,2
img_655,2
img_656,2
img_657,4
img_658,4
img_659,4
img_660,2
img_661,4
img_662,4
img_663,4
img_664,4
img_665,4
img_666,4
img_667,4
img_668,4
img_669,4
img_670,2
img_671,2
img_672,2
img_673,4
img_674,4
img_675,4
img_676,4
img_677,4
img_678,2
img_679,2
img_680,2
img_681,3
img_682,4
img_683,4
img_684,4
img_685,4
img_686,1
img_687,2
img_688,3
img_689,4
img_690,4
img_691,4
img_692,4
img_693,3
img_694,3
img_695,4
img_696,4
img_697,4
img_698,3
img_699,4
img_700,4
img_701,4
img_702,4
img_703,2
img_704,2
img_705,4
img_706,1
img_707,4
img_708,4
img_709,4
img_710,4
img_711,2
img_712,2
img_713,4
img_714,4
img_715,4
img_716,4
img_717,4
img_718,2
img_719,2
img_720,2
img_721,4
img_722,4
img_723,4
img_724,4
img_725,2
img_726,2
img_727,2
img_728,4
img_729,4
img_730,4
img_731,4
img_732,2
img_733,2
img_734,2
img_735,3
img_736,4
img_737,4
img_738,4
img_739,4
img_740,2
img_741,2
img_742,2
img_743,3
img_744,1
img_745,4
img_746,4
img_747,4
img_748,4
img_749,4
img_750,2
img_751,2
img_752,2
img_753,1
img_754,4
img_755,4
img_756,4
img_757,4
img_758,2
img_759,2
img_760,2
img_761,3
img_762,4
img_763,4
img_764,4
img_765,4
img_766,3
img_767,1
img_768,1
img_769,1
img_770,4
img_771,4
img_772,4
img_773,1
img_774,1
img_775,3
img_776,1
img_777,4
img_778,4
img_779,1
img_780,1
img_781,1
img_782,4
img_783,4
img_784,1
img_785,1
img_786,1
img_787,3
img_788,4
img_789,2
img_790,1
img_791,1
img_792,1
img_793,4
img_794,4
img_795,4
img_796,1
img_797,1
img_798,1
img_799,4
img_800,3
img_801,1
img_802,1
img_803,1
img_804,4
img_805,1
img_806,1
img_807,1
img_808,4
img_809,1
img_810,1
img_811,1
img_812,4
img_813,1
img_814,1
img_815,3
img_816,3
img_817,3
img_818,1
img_819,2
img_820,3
img_821,2
img_822,1
img_823,3
img_824,2
img_825,3
img_826,3
img_827,2
img_828,3
img_829,3
img_830,2
img_831,2
img_832,2
img_833,3
img_834,3
img_835,2
img_836,3
img_837,3
img_838,3
img_839,3
img_840,3
img_841,3
img_842,3
img_843,3
img_844,3
img_845,3
img_846,3
img_847,2
img_848,3
img_849,3
img_850,3
img_851,3
img_852,3
img_853,3
img_854,3
img_855,3
img_856,3
img_857,3
img_858,1
img_859,3
img_860,3
img_861,4
img_862,3
img_863,3
img_864,3
img_865,3
img_866,2
img_867,2
img_868,2
img_869,3
img_870,3
img_871,4
img_872,4
img_873,2
img_874,2
img_875,2
img_876,3
img_877,3
img_878,4
img_879,2
img_880,2
img_881,2
img_882,3
img_883,4
img_884,4
img_885,4
img_886,2
img_887,2
img_888,2
img_889,4
img_890,4
img_891,2
img_892,2
img_893,4
img_894,4
img_895,2
img_896,2
img_897,4
img_898,4
img_899,2
img_900,4
img_901,2
img_902,4
img_903,2
img_904,2
img_905,2
img_906,4
img_907,4
img_908,4
img_909,2
img_910,2
img_911,2
img_912,4
img_913,4
img_914,4
img_915,2
img_916,4
img_917,4
img_918,2
img_919,2
img_920,3
img_921,4
img_922,4
img_923,4
img_924,2
img_925,3
img_926,4
img_927,4
img_928,4
img_929,2
img_930,1
img_931,4
img_932,4
img_933,4
img_934,2
img_935,4
img_936,4
img_937,2
img_938,4
img_939,4
img_940,4
img_941,2
img_942,4
img_943,4
img_944,2
img_945,4
img_946,4
img_947,2
img_948,4
img_949,4
img_950,2
img_951,2
img_952,4
img_953,4
img_954,4
img_955,4
img_956,2
img_957,2
img_958,4
img_959,4
img_960,2
img_961,2
img_962,1
img_963,4
img_964,4
img_965,4
img_966,4
img_967,3
img_968,2
img_969,1
img_970,4
img_971,4
img_972,4
img_973,4
img_974,2
img_975,2
img_976,3
img_977,4
img_978,4
img_979,4
img_980,2
img_981,2
img_982,1
img_983,4
img_984,4
img_985,4
img_986,2
img_987,2
img_988,1
img_989,4
img_990,4
img_991,3
img_992,2
img_993,3
img_994,1
img_995,4
img_996,4
img_997,4
img_998,2
img_999,1
img_1000,4
img_1001,4
img_1002,2
img_1003,2
img_1004,1
img_1005,4
img_1006,4
img_1007,2
img_1008,2
img_1009,1
img_1010,4
img_1011,1
img_1012,2
img_1013,3
img_1014,4
img_1015,4
img_1016,2
img_1017,1
img_1018,4
img_1019,4
img_1020,2
img_1021,3
img_1022,4
img_1023,4
img_1024,4
img_1025,2
img_1026,1
img_1027,4
img_1028,4
img_1029,4
img_1030,2
img_1031,2
img_1032,3
img_1033,3
img_1034,3
img_1035,3
img_1036,3
img_1037,3
img_1038,4
img_1039,4
img_1040,2
img_1041,2
img_1042,3
img_1043,3
img_1044,3
img_1045,3
img_1046,3
img_1047,3
img_1048,4
img_1049,4
img_1050,2
img_1051,3
img_1052,3
img_1053,3
img_1054,3
img_1055,3
img_1056,3
img_1057,2
img_1058,3
img_1059,3
img_1060,3
img_1061,3
img_1062,3
img_1063,3
img_1064,2
img_1065,1
img_1066,1
img_1067,3
img_1068,3
img_1069,3
img_1070,3
img_1071,2
img_1072,3
img_1073,3
img_1074,3
img_1075,3
img_1076,3
img_1077,3
img_1078,2
img_1079,3
img_1080,3
img_1081,3
img_1082,1
img_1083,1
img_1084,3
img_1085,3
img_1086,3
img_1087,1
img_1088,3
img_1089,3
img_1090,3
img_1091,1
img_1092,3
img_1093,3
img_1094,3
img_1095,3
img_1096,3
img_1097,3
img_1098,3
img_1099,3
img_1100,1
img_1101,1
img_1102,1
img_1103,1
img_1104,3
img_1105,1
img_1106,2
img_1107,2
img_1108,1
img_1109,1
img_1110,3
img_1111,3
img_1112,1
img_1113,2
img_1114,2
img_1115,3
img_1116,1
img_1117,3
img_1118,3
img_1119,2
img_1120,1
img_1121,1
img_1122,2
img_1123,2
img_1124,1
img_1125,1
img_1126,1
img_1127,2
img_1128,2
img_1129,1
img_1130,2
img_1131,2
img_1132,1
img_1133,2
img_1134,2
img_1135,1
img_1136,2
img_1137,2
img_1138,3
img_1139,2
img_1140,2
img_1141,2
img_1142,2
img_1143,2
img_1144,2
img_1145,1
img_1146,4
img_1147,4
img_1148,4
img_1149,4
img_1150,4
img_1151,2
img_1152,2
img_1153,2
img_1154,1
img_1155,2
img_1156,1
img_1157,1
img_1158,1
img_1159,2
img_1160,2
img_1161,1
img_1162,4
img_1163,4
img_1164,4
img_1165,4
img_1166,4
img_1167,2
img_1168,2
img_1169,3
img_1170,2
img_1171,3
img_1172,1
img_1173,1
img_1174,1
img_1175,2
img_1176,2
img_1177,4
img_1178,4
img_1179,4
img_1180,4
img_1181,4
img_1182,2
img_1183,2
img_1184,2
img_1185,2
img_1186,3
img_1187,3
img_1188,1
img_1189,1
img_1190,2
img_1191,2
img_1192,4
img_1193,4
img_1194,4
img_1195,4
img_1196,2
img_1197,2
img_1198,2
img_1199,2
img_1200,2
img_1201,1
img_1202,1
img_1203,4
img_1204,2
img_1205,2
img_1206,4
img_1207,4
img_1208,2
img_1209,2
img_1210,2
img_1211,3
img_1212,2
img_1213,4
img_1214,4
img_1215,4
img_1216,2
img_1217,2
img_1218,4
img_1219,4
img_1220,2
img_1221,2
img_1222,2
img_1223,2
img_1224,2
img_1225,4
img_1226,4
img_1227,4
img_1228,2
img_1229,2
img_1230,4
img_1231,4
img_1232,2
img_1233,2
img_1234,2
img_1235,2
img_1236,3
img_1237,4
img_1238,4
img_1239,4
img_1240,2
img_1241,2
img_1242,4
img_1243,4
img_1244,2
img_1245,2
img_1246,2
img_1247,2
img_1248,2
img_1249,4
img_1250,4
img_1251,4
img_1252,2
img_1253,2
img_1254,4
img_1255,4
img_1256,2
img_1257,2
img_1258,2
img_1259,2
img_1260,2
img_1261,4
img_1262,4
img_1263,4
img_1264,2
img_1265,2
img_1266,4
img_1267,4
img_1268,2
img_1269,2
img_1270,2
img_1271,2
img_1272,2
img_1273,4
img_1274,4
img_1275,4
img_1276,2
img_1277,2
img_1278,2
img_1279,2
img_1280,2
img_1281,2
img_1282,4
img_1283,4
img_1284,4
img_1285,4
img_1286,2
img_1287,2
img_1288,2
img_1289,2
img_1290,2
img_1291,1
img_1292,4
img_1293,4
img_1294,4
img_1295,4
img_1296,2
img_1297,2
img_1298,2
img_1299,2
img_1300,2
img_1301,3
img_1302,4
img_1303,4
img_1304,4
img_1305,4
img_1306,2
img_1307,2
img_1308,2
img_1309,2
img_1310,2
img_1311,2
img_1312,4
img_1313,4
img_1314,4
img_1315,4
img_1316,2
img_1317,2
img_1318,2
img_1319,2
img_1320,2
img_1321,3
img_1322,4
img_1323,4
img_1324,4
img_1325,4
img_1326,2
img_1327,2
img_1328,2
img_1329,2
img_1330,2
img_1331,3
img_1332,4
img_1333,4
img_1334,4
img_1335,4
img_1336,2
img_1337,2
img_1338,2
img_1339,2
img_1340,4
img_1341,4
img_1342,4
img_1343,4
img_1344,2
img_1345,2
img_1346,2
img_1347,2
img_1348,2
img_1349,4
img_1350,4
img_1351,4
img_1352,2
img_1353,2
img_1354,2
img_1355,2
img_1356,2
img_1357,4
img_1358,4
img_1359,4
img_1360,4
img_1361,2
img_1362,2
img_1363,2
img_1364,2
img_1365,2
img_1366,4
img_1367,4
img_1368,4
img_1369,4
img_1370,2
img_1371,2
img_1372,2
img_1373,2
img_1374,2
img_1375,4
img_1376,4
img_1377,4
img_1378,4
img_1379,2
img_1380,2
img_1381,2
img_1382,2
img_1383,2
img_1384,4
img_1385,4
img_1386,4
img_1387,4
img_1388,2
img_1389,2
img_1390,2
img_1391,2
img_1392,2
img_1393,4
img_1394,4
img_1395,4
img_1396,4
img_1397,2
img_1398,2
img_1399,2
img_1400,2
img_1401,2
img_1402,4
img_1403,4
img_1404,4
img_1405,4
img_1406,2
img_1407,2
img_1408,2
img_1409,2
img_1410,4
img_1411,4
img_1412,4
img_1413,2
img_1414,2
img_1415,2
img_1416,2
img_1417,4
img_1418,4
img_1419,4
img_1420,2
img_1421,2
img_1422,2
img_1423,2
img_1424,4
img_1425,4
img_1426,4
img_1427,2
img_1428,2
img_1429,2
img_1430,2
img_1431,4
img_1432,4
img_1433,4
img_1434,2
img_1435,2
img_1436,2
img_1437,2
img_1438,4
img_1439,4
img_1440,4
img_1441,2
img_1442,2
img_1443,4
img_1444,2
img_1445,2
img_1446,2
img_1447,2
img_1448,4
img_1449,4
img_1450,4
img_1451,4
img_1452,2
img_1453,2
img_1454,4
img_1455,2
img_1456,2
img_1457,2
img_1458,2
img_1459,4
img_1460,4
img_1461,4
img_1462,4
img_1463,2
img_1464,2
img_1465,2
img_1466,2
img_1467,2
img_1468,4
img_1469,4
img_1470,4
img_1471,4
img_1472,2
img_1473,2
img_1474,3
img_1475,2
img_1476,2
img_1477,4
img_1478,4
img_1479,4
img_1480,4
img_1481,2
img_1482,2
img_1483,2
img_1484,4
img_1485,4
img_1486,4
img_1487,4
img_1488,2
img_1489,2
img_1490,2
img_1491,4
img_1492,4
img_1493,4
img_1494,4
img_1495,2
img_1496,2
img_1497,4
img_1498,4
img_1499,4
img_1500,2
img_1501,2
img_1502,4
img_1503,4
img_1504,4
img_1505,2
img_1506,2
img_1507,4
img_1508,4
img_1509,4
img_1510,2
img_1511,2
img_1512,4
img_1513,4
img_1514,4
img_1515,2
img_1516,2
img_1517,4
img_1518,4
img_1519,4
img_1520,2
img_1521,4
img_1522,4
img_1523,4
img_1524,2
img_1525,4
img_1526,4
img_1527,2
img_1528,4
img_1529,4
img_1530,2
img_1531,4
img_1532,4
img_1533,2
img_1534,2
img_1535,4
img_1536,4
img_1537,4
img_1538,4
img_1539,2
img_1540,2
img_1541,2
img_1542,2
img_1543,2
img_1544,4
img_1545,4
img_1546,4
img_1547,2
img_1548,2
img_1549,4
img_1550,4
img_1551,4
img_1552,4
img_1553,2
img_1554,2
img_1555,2
img_1556,2
img_1557,2
img_1558,4
img_1559,4
img_1560,4
img_1561,2
img_1562,2
img_1563,4
img_1564,4
img_1565,4
img_1566,4
img_1567,2
img_1568,2
img_1569,2
img_1570,2
img_1571,2
img_1572,4
img_1573,4
img_1574,4
img_1575,2
img_1576,2
img_1577,4
img_1578,4
img_1579,4
img_1580,4
img_1581,2
img_1582,2
img_1583,2
img_1584,2
img_1585,1
img_1586,4
img_1587,4
img_1588,4
img_1589,2
img_1590,2
img_1591,4
img_1592,4
img_1593,4
img_1594,2
img_1595,2
img_1596,2
img_1597,2
img_1598,2
img_1599,2
img_1600,4
img_1601,4
img_1602,4
img_1603,2
img_1604,2
img_1605,4
img_1606,4
img_1607,4
img_1608,4
img_1609,2
img_1610,2
img_1611,2
img_1612,2
img_1613,1
img_1614,4
img_1615,4
img_1616,4
img_1617,2
img_1618,2
img_1619,4
img_1620,4
img_1621,4
img_1622,4
img_1623,2
img_1624,2
img_1625,2
img_1626,2
img_1627,4
img_1628,4
img_1629,4
img_1630,4
img_1631,2
img_1632,2
img_1633,2
img_1634,2
img_1635,2
img_1636,4
img_1637,4
img_1638,4
img_1639,4
img_1640,4
img_1641,2
img_1642,2
img_1643,2
img_1644,2
img_1645,2
img_1646,4
img_1647,4
img_1648,4
img_1649,4
img_1650,4
img_1651,2
img_1652,2
img_1653,2
img_1654,2
img_1655,2
img_1656,4
img_1657,4
img_1658,4
img_1659,4
img_1660,4
img_1661,2
img_1662,2
img_1663,2
img_1664,2
img_1665,2
img_1666,4
img_1667,4
img_1668,4
img_1669,4
img_1670,2
img_1671,2
img_1672,2
img_1673,2
img_1674,2
img_1675,4
img_1676,4
img_1677,4
img_1678,4
img_1679,2
img_1680,2
img_1681,2
img_1682,2
img_1683,2
img_1684,4
img_1685,4
img_1686,4
img_1687,4
img_1688,2
img_1689,2
img_1690,2
img_1691,2
img_1692,4
img_1693,4
img_1694,4
img_1695,2
img_1696,2
img_1697,2
img_1698,2
img_1699,4
img_1700,4
img_1701,4
img_1702,2
img_1703,2
img_1704,2
img_1705,2
img_1706,4
img_1707,4
img_1708,4
img_1709,2
img_1710,2
img_1711,2
img_1712,2
img_1713,4
img_1714,4
img_1715,4
img_1716,2
img_1717,2
img_1718,2
img_1719,2
img_1720,4
img_1721,4
img_1722,4
img_1723,2
img_1724,2
img_1725,2
img_1726,2
img_1727,4
img_1728,4
img_1729,4
img_1730,2
img_1731,2
img_1732,2
img_1733,2
img_1734,4
img_1735,4
img_1736,4
img_1737,2
img_1738,2
img_1739,2
img_1740,2
img_1741,2
img_1742,4
img_1743,4
img_1744,2
img_1745,2
img_1746,2
img_1747,2
img_1748,2
img_1749,4
img_1750,4
img_1751,2
img_1752,2
img_1753,2
img_1754,2
img_1755,4
img_1756,4
img_1757,4
img_1758,2
img_1759,2
img_1760,2
img_1761,4
img_1762,4
img_1763,2
img_1764,2
img_1765,2
img_1766,2
img_1767,2
img_1768,1
img_1769,4
img_1770,4
img_1771,4
img_1772,4
img_1773,2
img_1774,2
img_1775,2
img_1776,2
img_1777,2
img_1778,3
img_1779,4
img_1780,4
img_1781,4
img_1782,4
img_1783,2
img_1784,2
img_1785,2
img_1786,2
img_1787,2
img_1788,3
img_1789,4
img_1790,4
img_1791,4
img_1792,4
img_1793,2
img_1794,2
img_1795,2
img_1796,2
img_1797,2
img_1798,1
img_1799,4
img_1800,4
img_1801,4
img_1802,4
img_1803,2
img_1804,2
img_1805,2
img_1806,2
img_1807,2
img_1808,3
img_1809,4
img_1810,4
img_1811,4
img_1812,4
img_1813,2
img_1814,2
img_1815,2
img_1816,2
img_1817,2
img_1818,3
img_1819,4
img_1820,4
img_1821,4
img_1822,4
img_1823,2
img_1824,2
img_1825,2
img_1826,2
img_1827,2
img_1828,4
img_1829,4
img_1830,4
img_1831,2
img_1832,2
img_1833,2
img_1834,2
img_1835,3
img_1836,4
img_1837,4
img_1838,4
img_1839,2
img_1840,2
img_1841,2
img_1842,2
img_1843,3
img_1844,4
img_1845,4
img_1846,4
img_1847,2
img_1848,2
img_1849,1
img_1850,2
img_1851,1
img_1852,4
img_1853,4
img_1854,4
img_1855,2
img_1856,2
img_1857,2
img_1858,2
img_1859,3
img_1860,4
img_1861,4
img_1862,4
img_1863,2
img_1864,2
img_1865,2
img_1866,3
img_1867,3
img_1868,4
img_1869,4
img_1870,4
img_1871,2
img_1872,2
img_1873,2
img_1874,2
img_1875,3
img_1876,4
img_1877,4
img_1878,4
img_1879,2
img_1880,2
img_1881,2
img_1882,3
img_1883,4
img_1884,4
img_1885,2
img_1886,2
img_1887,2
img_1888,3
img_1889,4
img_1890,4
img_1891,2
img_1892,2
img_1893,3
img_1894,3
img_1895,4
img_1896,2
img_1897,2
img_1898,2
img_1899,2
img_1900,4
img_1901,4
img_1902,4
img_1903,2
img_1904,2
img_1905,2
img_1906,4
img_1907,4
img_1908,4
img_1909,2
img_1910,2
img_1911,2
img_1912,4
img_1913,4
img_1914,4
img_1915,2
img_1916,2
img_1917,2
img_1918,4
img_1919,4
img_1920,4
img_1921,2
img_1922,2
img_1923,4
img_1924,4
img_1925,2
img_1926,2
img_1927,4
img_1928,4
img_1929,2
img_1930,2
img_1931,4
img_1932,4
img_1933,2
img_1934,2
img_1935,4
img_1936,4
img_1937,2
img_1938,2
img_1939,4
img_1940,1
img_1941,3
img_1942,3
img_1943,2
img_1944,3
img_1945,3
img_1946,3
img_1947,4
img_1948,2
img_1949,2
img_1950,4
img_1951,1
img_1952,3
img_1953,3
img_1954,3
img_1955,3
img_1956,3
img_1957,3
img_1958,4
img_1959,2
img_1960,1
img_1961,1
img_1962,3
img_1963,2
img_1964,3
img_1965,3
img_1966,3
img_1967,4
img_1968,4
img_1969,2
img_1970,3
img_1971,3
img_1972,3
img_1973,2
img_1974,3
img_1975,3
img_1976,3
img_1977,4
img_1978,2
img_1979,1
img_1980,1
img_1981,1
img_1982,1
img_1983,3
img_1984,3
img_1985,3
img_1986,4
img_1987,2
img_1988,1
img_1989,3
img_1990,3
img_1991,3
img_1992,3
img_1993,3
img_1994,3
img_1995,4
img_1996,2
img_1997,1
img_1998,3
img_1999,1
img_2000,3
img_2001,3
img_2002,3
img_2003,3
img_2004,4
img_2005,2
img_2006,1
img_2007,3
img_2008,3
img_2009,3
img_2010,3
img_2011,3
img_2012,3
img_2013,4
img_2014,2
img_2015,1
img_2016,1
img_2017,3
img_2018,3
img_2019,3
img_2020,3
img_2021,3
img_2022,4
img_2023,1
img_2024,3
img_2025,3
img_2026,3
img_2027,3
img_2028,3
img_2029,3
img_2030,4
img_2031,1
img_2032,1
img_2033,3
img_2034,3
img_2035,1
img_2036,2
img_2037,2
img_2038,1
img_2039,1
img_2040,3
img_2041,3
img_2042,1
img_2043,3
img_2044,1
img_2045,1
img_2046,1
img_2047,3
img_2048,1
img_2049,3
img_2050,3
img_2051,3
img_2052,3
img_2053,3
img_2054,3
img_2055,3
img_2056,1
img_2057,1
img_2058,3
img_2059,3
img_2060,3
img_2061,3
img_2062,3
img_2063,3
img_2064,3
img_2065,4
img_2066,2
img_2067,3
img_2068,3
img_2069,3
img_2070,3
img_2071,3
img_2072,3
img_2073,3
img_2074,3
img_2075,3
img_2076,3
img_2077,3
img_2078,3
img_2079,3
img_2080,3
img_2081,3
img_2082,1
img_2083,3
img_2084,3
img_2085,3
img_2086,3
img_2087,3
img_2088,3
img_2089,3
img_2090,3
img_2091,3
img_2092,3
img_2093,3
img_2094,1
img_2095,3
img_2096,3
img_2097,3
img_2098,3
img_2099,1
img_2100,3
img_2101,3
img_2102,3
img_2103,3
img_2104,4
img_2105,3
img_2106,3
img_2107,3
img_2108,1
img_2109,3
img_2110,3
img_2111,3
img_2112,2
img_2113,3
img_2114,3
img_2115,3
img_2116,2
img_2117,3
img_2118,3
img_2119,3
img_2120,3
img_2121,3
img_2122,3
img_2123,3
img_2124,3
img_2125,1
img_2126,3
img_2127,3
img_2128,4
img_2129,3
img_2130,3
img_2131,1
img_2132,3
img_2133,3
img_2134,4
img_2135,1
img_2136,4
img_2137,4
img_2138,2
img_2139,1
img_2140,3
img_2141,4
img_2142,4
img_2143,1
img_2144,2
img_2145,1
img_2146,3
img_2147,1
img_2148,4
img_2149,2
img_2150,1
img_2151,1
img_2152,4
img_2153,1
img_2154,4
img_2155,1
img_2156,1
img_2157,3
img_2158,4
img_2159,3
img_2160,1
img_2161,2
img_2162,2
img_2163,4
img_2164,4
img_2165,4
img_2166,2
img_2167,2
img_2168,4
img_2169,2
img_2170,2
img_2171,2
img_2172,3
img_2173,4
img_2174,3
img_2175,4
img_2176,2
img_2177,2
img_2178,2
img_2179,3
img_2180,1
img_2181,4
img_2182,3
img_2183,4
img_2184,4
img_2185,4
img_2186,2
img_2187,3
img_2188,3
img_2189,3
img_2190,2
img_2191,2
img_2192,2
img_2193,2
img_2194,4
img_2195,4
img_2196,4
img_2197,2
img_2198,2
img_2199,3
img_2200,1
img_2201,3
img_2202,4
img_2203,4
img_2204,4
img_2205,2
img_2206,2
img_2207,2
img_2208,2
img_2209,2
img_2210,4
img_2211,1
img_2212,4
img_2213,1
img_2214,1
img_2215,2
img_2216,2
img_2217,3
img_2218,3
img_2219,3
img_2220,3
img_2221,4
img_2222,3
img_2223,3
img_2224,3
img_2225,1
img_2226,2
img_2227,2
img_2228,4
img_2229,2
img_2230,2
img_2231,4
img_2232,3
img_2233,3
img_2234,3
img_2235,3
img_2236,4
img_2237,2
img_2238,2
img_2239,3
img_2240,3
img_2241,3
img_2242,2
img_2243,2
img_2244,4
img_2245,3
img_2246,3
img_2247,3
img_2248,3
img_2249,2
img_2250,2
img_2251,4
img_2252,1
img_2253,3
img_2254,4
img_2255,4
img_2256,4
img_2257,2
img_2258,2
img_2259,3
img_2260,3
img_2261,1
img_2262,4
img_2263,4
img_2264,4
img_2265,3
img_2266,2
img_2267,2
img_2268,2
img_2269,1
img_2270,1
img_2271,4
img_2272,4
img_2273,1
img_2274,1
img_2275,4
img_2276,4
img_2277,2
img_2278,2
img_2279,2
img_2280,2
img_2281,2
img_2282,3
img_2283,4
img_2284,4
img_2285,2
img_2286,2
img_2287,2
img_2288,1
img_2289,1
img_2290,4
img_2291,4
img_2292,4
img_2293,4
img_2294,2
img_2295,2
img_2296,2
img_2297,2
img_2298,4
img_2299,4
img_2300,2
img_2301,2
img_2302,2
img_2303,2
img_2304,3
img_2305,1
img_2306,1
img_2307,4
img_2308,4
img_2309,4
img_2310,4
img_2311,4
img_2312,4
img_2313,2
img_2314,2
img_2315,4
img_2316,4
img_2317,2
img_2318,2
img_2319,2
img_2320,3
img_2321,1
img_2322,1
img_2323,4
img_2324,4
img_2325,4
img_2326,4
img_2327,4
img_2328,2
img_2329,2
img_2330,2
img_2331,2
img_2332,2
img_2333,2
img_2334,3
img_2335,4
img_2336,4
img_2337,4
img_2338,3
img_2339,4
img_2340,4
img_2341,2
img_2342,2
img_2343,2
img_2344,1
img_2345,2
img_2346,4
img_2347,2
img_2348,4
img_2349,1
img_2350,4
img_2351,2
img_2352,4
img_2353,4
img_2354,4
img_2355,4
img_2356,4
img_2357,1
img_2358,4
img_2359,4
img_2360,1
img_2361,4
img_2362,3
img_2363,3
img_2364,4
img_2365,3
img_2366,4
img_2367,4
img_2368,3
img_2369,4
img_2370,2
img_2371,3
img_2372,4
img_2373,4
img_2374,3
img_2375,4
img_2376,1
img_2377,2
img_2378,4
img_2379,2
img_2380,4
img_2381,4
img_2382,2
img_2383,4
img_2384,3
img_2385,3
img_2386,1
img_2387,4
img_2388,4
img_2389,4
img_2390,4
img_2391,2
img_2392,4
img_2393,2
img_2394,1
img_2395,2
img_2396,4
img_2397,3
img_2398,4
img_2399,4
img_2400,4
img_2401,2
img_2402,2
img_2403,4
img_2404,4
img_2405,4
img_2406,4
img_2407,3
img_2408,3
img_2409,2
img_2410,4
img_2411,4
img_2412,4
img_2413,4
img_2414,4
img_2415,4
img_2416,2
img_2417,4
img_2418,4
img_2419,4
img_2420,2
img_2421,4
img_2422,2
img_2423,4
img_2424,2
img_2425,4
img_2426,1
img_2427,4
img_2428,3
img_2429,4
img_2430,4
img_2431,4
img_2432,4
img_2433,2
img_2434,3
img_2435,4
img_2436,2
img_2437,4
img_2438,4
img_2439,4
img_2440,3
img_2441,4
img_2442,4
img_2443,4
img_2444,4
img_2445,2
img_2446,3
img_2447,4
img_2448,3
img_2449,4
img_2450,4
img_2451,2
img_2452,2
img_2453,4
img_2454,4
img_2455,3
img_2456,4
img_2457,3
img_2458,4
img_2459,2
img_2460,4
img_2461,4
img_2462,2
img_2463,2
img_2464,2
img_2465,2
img_2466,2
img_2467,2
img_2468,4
img_2469,4
img_2470,4
img_2471,4
img_2472,3
img_2473,3
img_2474,3
img_2475,2
img_2476,4
img_2477,2
img_2478,4
img_2479,4
img_2480,4
img_2481,3
img_2482,2
img_2483,4
img_2484,4
img_2485,2
img_2486,3
img_2487,4
img_2488,4
img_2489,4
img_2490,2
img_2491,4
img_2492,4
img_2493,1
img_2494,1
img_2495,4
img_2496,3
img_2497,1
img_2498,4
img_2499,2
img_2500,2
img_2501,2
img_2502,3
img_2503,3
img_2504,2
img_2505,2
img_2506,4
img_2507,4
img_2508,3
img_2509,4
img_2510,2
img_2511,2
img_2512,1
img_2513,3
img_2514,2
img_2515,2
img_2516,2
img_2517,2
img_2518,2
img_2519,3
img_2520,3
img_2521,3
img_2522,1
img_2523,4
img_2524,1
img_2525,4
img_2526,4
img_2527,4
img_2528,2
img_2529,2
img_2530,4
img_2531,3
img_2532,1
img_2533,4
img_2534,4
img_2535,4
img_2536,1
img_2537,2
img_2538,2
img_2539,3
img_2540,3
img_2541,1
img_2542,2
img_2543,4
img_2544,4
img_2545,1
img_2546,2
img_2547,4
img_2548,2
img_2549,1
img_2550,1
img_2551,4
img_2552,4
img_2553,1
img_2554,4
img_2555,2
img_2556,2
img_2557,2
img_2558,1
img_2559,2
img_2560,1
img_2561,4
img_2562,2
img_2563,4
img_2564,4
img_2565,1
img_2566,2
img_2567,3
img_2568,2
img_2569,4
img_2570,2
img_2571,4
img_2572,3
img_2573,2
img_2574,2
img_2575,2
img_2576,1
img_2577,2
img_2578,2
img_2579,3
img_2580,2
img_2581,4
img_2582,4
img_2583,4
img_2584,4
img_2585,4
img_2586,2
img_2587,4
img_2588,4
img_2589,4
img_2590,4
img_2591,1
img_2592,4
img_2593,2
img_2594,2
img_2595,4
img_2596,2
img_2597,4
img_2598,4
img_2599,3
img_2600,2
img_2601,2
img_2602,2
img_2603,4
img_2604,3
img_2605,4
img_2606,2
img_2607,1
img_2608,4
img_2609,2
img_2610,2
img_2611,3
img_2612,2
img_2613,2
img_2614,2
img_2615,2
img_2616,2
img_2617,3
img_2618,2
img_2619,1
img_2620,3
img_2621,3
img_2622,3
img_2623,2
img_2624,2
img_2625,2
img_2626,2
img_2627,2
img_2628,1
img_2629,1
img_2630,3
img_2631,3
img_2632,2
img_2633,2
img_2634,3
img_2635,2
img_2636,2
img_2637,2
img_2638,1
img_2639,2
img_2640,3
img_2641,3
img_2642,2
img_2643,4
img_2644,2
img_2645,4
img_2646,2
img_2647,2
img_2648,4
img_2649,1
img_2650,4
img_2651,4
img_2652,4
img_2653,2
img_2654,2
img_2655,2
img_2656,2
img_2657,2
img_2658,2
img_2659,1
img_2660,4
img_2661,1
img_2662,4
img_2663,2
img_2664,4
img_2665,2
img_2666,2
img_2667,4
img_2668,2
img_2669,2
img_2670,2
img_2671,2
img_2672,1
img_2673,4
img_2674,1
img_2675,3
img_2676,2
img_2677,4
img_2678,4
img_2679,2
img_2680,4
img_2681,4
img_2682,2
img_2683,2
img_2684,4
img_2685,2
img_2686,1
img_2687,3
img_2688,2
img_2689,2
img_2690,4
img_2691,1
img_2692,2
img_2693,2
img_2694,2
img_2695,1
img_2696,4
img_2697,3
img_2698,2
img_2699,2
img_2700,4
img_2701,2
img_2702,4
img_2703,3
img_2704,4
img_2705,2
img_2706,2
img_2707,4
img_2708,2
img_2709,2
img_2710,2
img_2711,4
img_2712,2
img_2713,2
img_2714,4
img_2715,4
img_2716,4
img_2717,4
img_2718,2
img_2719,2
img_2720,2
img_2721,4
img_2722,2
img_2723,4
img_2724,1
img_2725,4
img_2726,1
img_2727,2
img_2728,4
img_2729,3
img_2730,4
img_2731,2
img_2732,4
img_2733,4
img_2734,4
img_2735,2
img_2736,2
img_2737,1
img_2738,4
img_2739,4
img_2740,4
img_2741,2
img_2742,2
img_2743,4
img_2744,4
img_2745,2
img_2746,1
img_2747,3
img_2748,4
img_2749,3
img_2750,3
img_2751,2
img_2752,1
img_2753,2
img_2754,4
img_2755,1
img_2756,2
img_2757,4
img_2758,4
img_2759,4
img_2760,3
img_2761,4
img_2762,4
img_2763,2
img_2764,1
img_2765,2
img_2766,4
img_2767,2
img_2768,4
img_2769,4
img_2770,2
img_2771,4
img_2772,4
img_2773,2
img_2774,2
img_2775,4
img_2776,3
img_2777,4
img_2778,1
img_2779,3
img_2780,4
img_2781,4
img_2782,4
img_2783,2
img_2784,4
img_2785,4
img_2786,4
img_2787,4
img_2788,1
img_2789,4
img_2790,2
img_2791,4
img_2792,4
img_2793,2
img_2794,1
img_2795,4
img_2796,2
img_2797,2
img_2798,3
img_2799,3
img_2800,4
img_2801,4
img_2802,2
img_2803,2
img_2804,1
img_2805,2
img_2806,2
img_2807,1
img_2808,2
img_2809,2
img_2810,2
img_2811,4
img_2812,2
img_2813,2
img_2814,4
img_2815,4
img_2816,2
img_2817,4
img_2818,2
img_2819,2
img_2820,3
img_2821,4
img_2822,1
img_2823,3
img_2824,2
img_2825,3
img_2826,2
img_2827,1
img_2828,1
img_2829,2
img_2830,3
img_2831,2
img_2832,2
img_2833,4
img_2834,2
img_2835,1
img_2836,4
img_2837,2
img_2838,2
img_2839,4
img_2840,2
img_2841,2
img_2842,3
img_2843,2
img_2844,2
img_2845,3
img_2846,4
img_2847,1
img_2848,2
img_2849,3
img_2850,2
img_2851,4
img_2852,2
img_2853,2
img_2854,2
img_2855,4
img_2856,2
img_2857,1
img_2858,4
img_2859,4
img_2860,2
img_2861,2
img_2862,2
img_2863,3
img_2864,1
img_2865,3
img_2866,3
img_2867,4
img_2868,2
img_2869,2
img_2870,1
img_2871,4
img_2872,1
img_2873,3
img_2874,4
img_2875,2
img_2876,2
img_2877,4
img_2878,3
img_2879,1
img_2880,1
img_2881,2
img_2882,3
img_2883,2
img_2884,2
img_2885,4
img_2886,4
img_2887,4
img_2888,4
img_2889,4
img_2890,2
img_2891,1
img_2892,1
img_2893,4
img_2894,2
img_2895,4
img_2896,2
img_2897,4
img_2898,4
img_2899,4
img_2900,2
img_2901,4
img_2902,4
img_2903,1
img_2904,4
img_2905,4
img_2906,1
img_2907,2
img_2908,4
img_2909,2
img_2910,3
img_2911,1
img_2912,4
img_2913,4
img_2914,2
img_2915,2
img_2916,1
img_2917,4
img_2918,4
img_2919,4
img_2920,3
img_2921,2
img_2922,2
img_2923,4
img_2924,1
img_2925,2
img_2926,4
img_2927,3
img_2928,4
img_2929,4
img_2930,2
img_2931,2
img_2932,4
img_2933,1
img_2934,3
img_2935,4
img_2936,4
img_2937,4
img_2938,2
img_2939,2
img_2940,4
img_2941,2
img_2942,2
img_2943,4
img_2944,2
img_2945,4
img_2946,4
img_2947,2
img_2948,4
img_2949,3
img_2950,2
img_2951,1
img_2952,3
img_2953,4
img_2954,2
img_2955,4
img_2956,4
img_2957,2
img_2958,1
img_2959,2
img_2960,2
img_2961,2
img_2962,4
img_2963,2
img_2964,4
img_2965,1
img_2966,1
img_2967,2
img_2968,4
img_2969,4
img_2970,4
img_2971,1
img_2972,4
img_2973,2
img_2974,4
img_2975,3
img_2976,4
img_2977,4
img_2978,4
img_2979,2
img_2980,3
img_2981,2
img_2982,4
img_2983,4
img_2984,2
img_2985,3
img_2986,1
img_2987,3
img_2988,4
img_2989,1
img_2990,2
img_2991,3
img_2992,4
img_2993,2
img_2994,4
img_2995,4
img_2996,4
img_2997,1
img_2998,4
img_2999,2
img_3000,4
img_3001,3
img_3002,2
img_3003,2
img_3004,3
img_3005,3
img_3006,4
img_3007,2
img_3008,2
img_3009,2
img_3010,2
img_3011,2
img_3012,2
img_3013,2
img_3014,4
img_3015,4
img_3016,4
img_3017,3
img_3018,1
img_3019,4
img_3020,4
img_3021,4
img_3022,4
img_3023,4
img_3024,4
img_3025,4
img_3026,4
img_3027,4
img_3028,2
img_3029,3
img_3030,3
img_3031,4
img_3032,4
img_3033,1
img_3034,4
img_3035,4
img_3036,3
img_3037,3
img_3038,2
img_3039,4
img_3040,2
img_3041,2
img_3042,4
img_3043,2
img_3044,4
img_3045,2
img_3046,1
img_3047,3
img_3048,4
img_3049,1
img_3050,2
img_3051,4
img_3052,4
img_3053,4
img_3054,4
img_3055,4
img_3056,4
img_3057,2
img_3058,4
img_3059,4
img_3060,4
img_3061,3
img_3062,4
img_3063,4
img_3064,4
img_3065,2
img_3066,2
img_3067,2
img_3068,3
img_3069,4
img_3070,2
img_3071,2
img_3072,2
img_3073,4
img_3074,2
img_3075,2
img_3076,4
img_3077,2
img_3078,4
img_3079,4
img_3080,4
img_3081,4
img_3082,4
img_3083,4
img_3084,2
img_3085,4
img_3086,4
img_3087,1
img_3088,2
img_3089,4
img_3090,1
img_3091,2
img_3092,2
img_3093,4
img_3094,4
img_3095,2
img_3096,3
img_3097,4
img_3098,4
img_3099,2
img_3100,3
img_3101,2
img_3102,4
img_3103,4
img_3104,2
img_3105,4
img_3106,2
img_3107,4
img_3108,2
img_3109,2
img_3110,2
img_3111,4
img_3112,4
img_3113,1
img_3114,3
img_3115,2
img_3116,4
img_3117,4
img_3118,4
img_3119,4
img_3120,2
img_3121,2
img_3122,3
img_3123,4
img_3124,1
img_3125,4
img_3126,4
img_3127,3
img_3128,1
img_3129,2
img_3130,2
img_3131,1
img_3132,4
img_3133,4
img_3134,1
img_3135,4
img_3136,1
img_3137,3
img_3138,3
img_3139,2
img_3140,4
img_3141,1
img_3142,1
img_3143,4
img_3144,2
img_3145,4
img_3146,2
img_3147,2
img_3148,4
img_3149,2
img_3150,4
img_3151,3
img_3152,2
img_3153,4
img_3154,2
img_3155,2
img_3156,3
img_3157,3
img_3158,3
img_3159,4
img_3160,4
img_3161,1
img_3162,4
img_3163,2
img_3164,2
img_3165,2
img_3166,3
img_3167,4
img_3168,2
img_3169,4
img_3170,4
img_3171,4
img_3172,3
img_3173,2
img_3174,4
img_3175,1
img_3176,1
img_3177,2
img_3178,4
img_3179,4
img_3180,4
img_3181,2
img_3182,1
img_3183,4
img_3184,1
img_3185,4
img_3186,3
img_3187,3
img_3188,2
img_3189,2
img_3190,1
img_3191,1
img_3192,1
img_3193,2
img_3194,2
img_3195,3
img_3196,2
img_3197,3
img_3198,4
img_3199,2
img_3200,4
img_3201,4
img_3202,4
img_3203,4
img_3204,2
img_3205,4
img_3206,4
img_3207,4
img_3208,2
img_3209,2
img_3210,2
img_3211,4
img_3212,2
img_3213,4
img_3214,4
img_3215,2
img_3216,3
img_3217,4
img_3218,4
img_3219,2
img_3220,4
img_3221,1
img_3222,4
img_3223,2
img_3224,1
img_3225,4
img_3226,4
img_3227,2
img_3228,4
img_3229,2
img_3230,2
img_3231,4
img_3232,4
img_3233,4
img_3234,4
img_3235,4
img_3236,2
img_3237,4
img_3238,4
img_3239,2
img_3240,2
img_3241,2
img_3242,1
img_3243,3
img_3244,2
img_3245,4
img_3246,2
img_3247,1
img_3248,3
img_3249,2
img_3250,2
img_3251,4
img_3252,4
img_3253,1
img_3254,2
img_3255,2
img_3256,4
img_3257,1
img_3258,4
img_3259,2
img_3260,4
img_3261,1
img_3262,2
img_3263,2
img_3264,4
img_3265,4
img_3266,3
img_3267,2
img_3268,4
img_3269,2
img_3270,4
img_3271,1
img_3272,4
img_3273,2
img_3274,1
img_3275,4
img_3276,1
img_3277,2
img_3278,2
img_3279,1
img_3280,2
img_3281,4
img_3282,1
img_3283,4
img_3284,2
img_3285,1
img_3286,2
img_3287,4
img_3288,2
img_3289,1
img_3290,4
img_3291,2
img_3292,4
img_3293,2
img_3294,4
img_3295,2
img_3296,4
img_3297,3
img_3298,1
img_3299,2
img_3300,2
img_3301,3
img_3302,4
img_3303,4
img_3304,1
img_3305,4
img_3306,2
img_3307,4
img_3308,4
img_3309,3
img_3310,3
img_3311,4
img_3312,2
img_3313,4
img_3314,2
img_3315,4
img_3316,2
img_3317,1
img_3318,4
img_3319,2
img_3320,2
img_3321,4
img_3322,4
img_3323,1
img_3324,2
img_3325,4
img_3326,4
img_3327,2
img_3328,4
img_3329,2
img_3330,2
img_3331,4
img_3332,2
img_3333,3
img_3334,2
img_3335,2
img_3336,4
img_3337,4
img_3338,4
img_3339,2
img_3340,2
img_3341,4
img_3342,4
img_3343,2
img_3344,4
img_3345,2
img_3346,4
img_3347,1
img_3348,4
img_3349,2
img_3350,1
img_3351,4
img_3352,4
img_3353,4
img_3354,3
img_3355,2
img_3356,4
img_3357,2
img_3358,2
img_3359,3
img_3360,2
img_3361,4
img_3362,2
img_3363,3
img_3364,4
img_3365,2
img_3366,4
img_3367,2
img_3368,2
img_3369,2
img_3370,4
img_3371,2
img_3372,4
img_3373,4
img_3374,4
img_3375,2
img_3376,3
img_3377,3
img_3378,2
img_3379,1
img_3380,2
img_3381,4
img_3382,2
img_3383,1
img_3384,2
img_3385,2
img_3386,2
img_3387,2
img_3388,4
img_3389,4
img_3390,2
img_3391,2
img_3392,4
img_3393,1
img_3394,2
img_3395,4
img_3396,2
img_3397,3
img_3398,4
img_3399,2
img_3400,2
img_3401,2
img_3402,4
img_3403,2
img_3404,2
img_3405,3
img_3406,4
img_3407,3
img_3408,4
img_3409,2
img_3410,1
img_3411,3
img_3412,1
img_3413,4
img_3414,4
img_3415,2
img_3416,3
img_3417,4
img_3418,2
img_3419,2
img_3420,4
img_3421,4
img_3422,4
img_3423,2
img_3424,3
img_3425,1
img_3426,2
img_3427,1
img_3428,2
img_3429,2
img_3430,4
img_3431,2
img_3432,1
img_3433,2
img_3434,2
img_3435,4
img_3436,4
img_3437,2
img_3438,4
img_3439,2
img_3440,4
img_3441,2
img_3442,4
img_3443,3
img_3444,2
img_3445,2
img_3446,3
img_3447,4
img_3448,2
img_3449,4
img_3450,4
img_3451,2
img_3452,4
img_3453,4
img_3454,4
img_3455,2
img_3456,2
img_3457,2
img_3458,4
img_3459,4
img_3460,4
img_3461,2
img_3462,4
img_3463,4
img_3464,2
img_3465,2
img_3466,3
img_3467,1
img_3468,3
img_3469,2
img_3470,4
img_3471,2
img_3472,2
img_3473,2
img_3474,4
img_3475,2
img_3476,2
img_3477,2
img_3478,1
img_3479,1
img_3480,2
img_3481,2
img_3482,2
img_3483,2
img_3484,3
img_3485,3
img_3486,3
img_3487,4
img_3488,2
img_3489,2
img_3490,2
img_3491,4
img_3492,4
img_3493,4
img_3494,4
img_3495,2
img_3496,2
img_3497,2
img_3498,2
img_3499,2
img_3500,4
img_3501,4
img_3502,4
img_3503,4
img_3504,4
img_3505,2
img_3506,2
img_3507,2
img_3508,2
img_3509,2
img_3510,2
img_3511,4
img_3512,4
img_3513,4
img_3514,4
img_3515,4
img_3516,4
img_3517,2
img_3518,2
img_3519,2
img_3520,2
img_3521,4
img_3522,4
img_3523,4
img_3524,4
img_3525,4
img_3526,4
img_3527,4
img_3528,2
img_3529,2
img_3530,2
img_3531,2
img_3532,2
img_3533,2
img_3534,4
img_3535,4
img_3536,2
img_3537,2
img_3538,4
img_3539,4
img_3540,4
img_3541,4
img_3542,4
img_3543,4
img_3544,4
img_3545,1
img_3546,4
img_3547,3
img_3548,2
img_3549,2
img_3550,2
img_3551,2
img_3552,2
img_3553,2
img_3554,4
img_3555,4
img_3556,4
img_3557,4
img_3558,4
img_3559,4
img_3560,3
img_3561,2
img_3562,2
img_3563,2
img_3564,2
img_3565,2
img_3566,2
img_3567,2
img_3568,4
img_3569,2
img_3570,4
img_3571,4
img_3572,4
img_3573,4
img_3574,4
img_3575,4
img_3576,4
img_3577,4
img_3578,2
img_3579,2
img_3580,2
img_3581,2
img_3582,3
img_3583,3
img_3584,3
img_3585,4
img_3586,4
img_3587,4
img_3588,4
img_3589,4
img_3590,4
img_3591,1
img_3592,1
img_3593,2
img_3594,2
img_3595,2
img_3596,4
img_3597,4
img_3598,4
img_3599,4
img_3600,4
img_3601,4
img_3602,2
img_3603,2
img_3604,2
img_3605,2
img_3606,2
img_3607,4
img_3608,4
img_3609,2
img_3610,2
img_3611,4
img_3612,4
img_3613,4
img_3614,2
img_3615,2
img_3616,2
img_3617,2
img_3618,2
img_3619,2
img_3620,2
img_3621,4
img_3622,4
img_3623,4
img_3624,1
img_3625,4
img_3626,4
img_3627,3
img_3628,1
img_3629,2
img_3630,2
img_3631,4
img_3632,4
img_3633,4
img_3634,4
img_3635,4
img_3636,4
img_3637,1
img_3638,1
img_3639,2
img_3640,2
img_3641,2
img_3642,2
img_3643,2
img_3644,4
img_3645,4
img_3646,1
img_3647,2
img_3648,2
img_3649,2
img_3650,2
img_3651,2
img_3652,2
img_3653,4
img_3654,4
img_3655,4
img_3656,4
img_3657,2
img_3658,4
img_3659,4
img_3660,1
img_3661,3
img_3662,2
img_3663,2
img_3664,2
img_3665,2
img_3666,4
img_3667,4
img_3668,4
img_3669,4
img_3670,1
img_3671,2
img_3672,2
img_3673,2
img_3674,3
img_3675,4
img_3676,4
img_3677,2
img_3678,3
img_3679,2
img_3680,2
img_3681,2
img_3682,4
img_3683,1
img_3684,3
img_3685,3
img_3686,2
img_3687,1
img_3688,1
img_3689,3
img_3690,1
img_3691,4
img_3692,2
img_3693,2
img_3694,2
img_3695,1
img_3696,4
img_3697,2
img_3698,4
img_3699,2
img_3700,4
img_3701,2
img_3702,2
img_3703,1
img_3704,2
img_3705,3
img_3706,3
img_3707,3
img_3708,4
img_3709,2
img_3710,2
img_3711,4
img_3712,1
img_3713,2
img_3714,2
img_3715,2
img_3716,3
img_3717,2
img_3718,3
img_3719,1
img_3720,2
img_3721,1
img_3722,3
img_3723,1
img_3724,1
img_3725,1
img_3726,1
img_3727,4
img_3728,4
img_3729,4
img_3730,4
img_3731,1
img_3732,2
img_3733,1
img_3734,2
img_3735,2
img_3736,4
img_3737,2
img_3738,2
img_3739,2
img_3740,2
img_3741,2
img_3742,1
img_3743,1
img_3744,2
img_3745,1
img_3746,4
img_3747,4
img_3748,4
img_3749,2
img_3750,3
img_3751,1
img_3752,4
img_3753,2
img_3754,4
img_3755,2
img_3756,2
img_3757,2
img_3758,2
img_3759,4
img_3760,4
img_3761,4
img_3762,4
img_3763,4
img_3764,1
img_3765,2
img_3766,3
img_3767,2
img_3768,3
img_3769,2
img_3770,4
img_3771,2
img_3772,4
img_3773,1
img_3774,4
img_3775,4
img_3776,1
img_3777,4
img_3778,1
img_3779,4
img_3780,4
img_3781,1
img_3782,2
img_3783,1
img_3784,2
img_3785,2
img_3786,4
img_3787,3
img_3788,2
img_3789,4
img_3790,1
img_3791,2
img_3792,3
img_3793,2
img_3794,2
img_3795,2
img_3796,4
img_3797,4
img_3798,2
img_3799,2
img_3800,2
img_3801,3
img_3802,2
img_3803,2
img_3804,1
img_3805,4
img_3806,4
img_3807,2
img_3808,2
img_3809,4
img_3810,1
img_3811,2
img_3812,2
img_3813,4
img_3814,2
img_3815,2
img_3816,2
img_3817,2
img_3818,2
img_3819,4
img_3820,1
img_3821,1
img_3822,4
img_3823,2
img_3824,2
img_3825,2
img_3826,4
img_3827,4
img_3828,2
img_3829,2
img_3830,4
img_3831,3
img_3832,2
img_3833,2
img_3834,2
img_3835,4
img_3836,2
img_3837,2
img_3838,2
img_3839,4
img_3840,2
img_3841,1
img_3842,2
img_3843,1
img_3844,2
img_3845,1
img_3846,1
img_3847,4
img_3848,3
img_3849,2
img_3850,1
img_3851,2
img_3852,3
img_3853,4
img_3854,3
img_3855,3
img_3856,3
img_3857,3
img_3858,2
img_3859,2
img_3860,1
img_3861,4
img_3862,3
img_3863,4
img_3864,4
img_3865,4
img_3866,4
img_3867,4
img_3868,4
img_3869,4
img_3870,4
img_3871,2
img_3872,2
img_3873,2
img_3874,2
img_3875,4
img_3876,2
img_3877,3
img_3878,3
img_3879,4
img_3880,2
img_3881,3
img_3882,2
img_3883,2
img_3884,1
img_3885,2
img_3886,2
img_3887,2
img_3888,4
img_3889,4
img_3890,4
img_3891,4
img_3892,2
img_3893,4
img_3894,4
img_3895,4
img_3896,4
img_3897,1
img_3898,3
img_3899,4
img_3900,4
img_3901,4
img_3902,4
img_3903,4
img_3904,4
img_3905,4
img_3906,4
img_3907,2
img_3908,2
img_3909,2
img_3910,2
img_3911,2
img_3912,2
img_3913,4
img_3914,2
img_3915,3
img_3916,3
img_3917,4
img_3918,4
img_3919,1
img_3920,2
img_3921,2
img_3922,2
img_3923,2
img_3924,2
img_3925,2
img_3926,2
img_3927,4
img_3928,4
img_3929,4
img_3930,4
img_3931,4
img_3932,4
img_3933,4
img_3934,4
img_3935,1
img_3936,1
img_3937,3
img_3938,3
img_3939,2
img_3940,1
img_3941,1
img_3942,3
img_3943,1
img_3944,3
img_3945,1
img_3946,1
img_3947,3
img_3948,1
img_3949,2
img_3950,2
img_3951,4
img_3952,4
img_3953,1
img_3954,2
img_3955,2
img_3956,2
img_3957,4
img_3958,1
img_3959,4
img_3960,2
img_3961,4
img_3962,1
img_3963,3
img_3964,3
img_3965,4
img_3966,4
img_3967,2
img_3968,2
img_3969,2
img_3970,2
img_3971,3
img_3972,4
img_3973,1
img_3974,2
img_3975,1
img_3976,4
img_3977,1
img_3978,1
img_3979,4
img_3980,2
img_3981,2
img_3982,3
img_3983,2
img_3984,2
img_3985,2
img_3986,2
img_3987,4
img_3988,4
img_3989,4
img_3990,4
img_3991,2
img_3992,1
img_3993,1
img_3994,2
img_3995,3
img_3996,2
img_3997,4
img_3998,4
img_3999,2
img_4000,1
img_4001,1
img_4002,3
img_4003,4
img_4004,3
img_4005,2
img_4006,2
img_4007,3
img_4008,2
img_4009,1
img_4010,3
img_4011,1
img_4012,4
img_4013,1
img_4014,2
img_4015,4
img_4016,2
img_4017,2
img_4018,3
img_4019,1
img_4020,2
img_4021,1
img_4022,2
img_4023,4
img_4024,3
img_4025,1
img_4026,2
img_4027,3
img_4028,2
img_4029,4
img_4030,1
img_4031,2
img_4032,1
img_4033,4
img_4034,3
img_4035,2
img_4036,2
img_4037,4
img_4038,3
img_4039,1
img_4040,3
img_4041,1
img_4042,2
img_4043,2
img_4044,3
img_4045,1
img_4046,1
img_4047,2
img_4048,1
img_4049,1
img_4050,2
img_4051,2
img_4052,1
img_4053,1
img_4054,1
img_4055,3
img_4056,2
img_4057,2
img_4058,3
img_4059,1
img_4060,4
img_4061,4
img_4062,4
img_4063,4
img_4064,4
img_4065,1
img_4066,1
img_4067,2
img_4068,2
img_4069,2
img_4070,1
img_4071,1
img_4072,1
img_4073,2
img_4074,1
img_4075,4
img_4076,3
img_4077,3
img_4078,4
img_4079,1
img_4080,1
img_4081,4
img_4082,2
img_4083,1
img_4084,4
img_4085,2
img_4086,1
img_4087,1
img_4088,4
img_4089,4
img_4090,2
img_4091,1
img_4092,1
img_4093,2
img_4094,4
img_4095,1
img_4096,3
img_4097,3
img_4098,1
img_4099,1
img_4100,1
img_4101,2
img_4102,3
img_4103,1
img_4104,1
img_4105,4
img_4106,1
img_4107,1
img_4108,1
img_4109,1
img_4110,1
img_4111,2
img_4112,4
img_4113,1
img_4114,1
img_4115,3
img_4116,2
img_4117,1
img_4118,2
img_4119,1
img_4120,1
img_4121,3
img_4122,2
img_4123,4
img_4124,4
img_4125,3
img_4126,4
img_4127,4
img_4128,4
img_4129,4
img_4130,2
img_4131,4
img_4132,4
img_4133,2
img_4134,3
img_4135,4
img_4136,1
img_4137,4
img_4138,1
img_4139,2
img_4140,4
img_4141,2
img_4142,1
img_4143,1
img_4144,4
img_4145,1
img_4146,1
img_4147,1
img_4148,2
img_4149,1
img_4150,1
img_4151,4
img_4152,2
img_4153,1
img_4154,4
img_4155,2
img_4156,1
img_4157,1
img_4158,1
img_4159,4
img_4160,2
img_4161,3
img_4162,4
img_4163,3
img_4164,2
img_4165,2
img_4166,2
img_4167,2
img_4168,2
img_4169,1
img_4170,4
img_4171,2
img_4172,2
img_4173,4
img_4174,4
img_4175,2
img_4176,2
img_4177,1
img_4178,1
img_4179,1
img_4180,3
img_4181,4
img_4182,2
img_4183,4
img_4184,3
img_4185,3
img_4186,4
img_4187,4
img_4188,1
img_4189,1
img_4190,2
img_4191,1
img_4192,2
img_4193,2
img_4194,2
img_4195,2
img_4196,2
img_4197,1
img_4198,1
img_4199,1
img_4200,3
img_4201,2
img_4202,1
img_4203,2
img_4204,4
img_4205,4
img_4206,4
img_4207,2
img_4208,1
img_4209,4
img_4210,1
img_4211,1
img_4212,2
img_4213,1
img_4214,1
img_4215,3
img_4216,4
img_4217,1
img_4218,3
img_4219,2
img_4220,2
img_4221,1
img_4222,2
img_4223,2
img_4224,2
img_4225,1
img_4226,1
img_4227,1
img_4228,1
img_4229,2
img_4230,2
img_4231,2
img_4232,2
img_4233,2
img_4234,1
img_4235,2
img_4236,2
img_4237,1
img_4238,3
img_4239,2
img_4240,1
img_4241,1
img_4242,4
img_4243,2
img_4244,2
img_4245,2
img_4246,1
img_4247,4
img_4248,2
img_4249,3
img_4250,4
img_4251,4
img_4252,3
img_4253,2
img_4254,2
img_4255,2
img_4256,2
img_4257,2
img_4258,1
img_4259,4
img_4260,2
img_4261,2
img_4262,2
img_4263,1
img_4264,2
img_4265,3
img_4266,2
img_4267,4
img_4268,3
img_4269,2
img_4270,2
img_4271,3
img_4272,2
img_4273,1
img_4274,2
img_4275,3
img_4276,1
img_4277,2
img_4278,3
img_4279,1
img_4280,2
img_4281,1
img_4282,2
img_4283,1
img_4284,2
img_4285,3
img_4286,3
img_4287,1
img_4288,3
img_4289,2
img_4290,3
img_4291,2
img_4292,3
img_4293,3
img_4294,3
img_4295,2
img_4296,2
img_4297,2
img_4298,3
img_4299,3
img_4300,3
img_4301,2
img_4302,2
img_4303,2
img_4304,2
img_4305,2
img_4306,2
img_4307,1
img_4308,2
img_4309,4
img_4310,3
img_4311,3
img_4312,3
img_4313,2
img_4314,2
img_4315,1
img_4316,3
img_4317,3
img_4318,3
img_4319,2
img_4320,1
img_4321,3
img_4322,2
img_4323,2
img_4324,4
img_4325,3
img_4326,2
img_4327,1
img_4328,2
img_4329,2
img_4330,2
img_4331,1
img_4332,1
img_4333,3
img_4334,2
img_4335,3
img_4336,3
img_4337,1
img_4338,3
img_4339,3
img_4340,1
img_4341,1
img_4342,4
img_4343,4
img_4344,2
img_4345,3
img_4346,1
img_4347,2
img_4348,3
img_4349,3
img_4350,1
img_4351,3
img_4352,2
img_4353,2
img_4354,2
img_4355,3
img_4356,3
img_4357,3
img_4358,4
img_4359,2
img_4360,1
img_4361,1
img_4362,1
img_4363,4
img_4364,1
img_4365,4
img_4366,4
img_4367,3
img_4368,2
img_4369,1
img_4370,3
img_4371,2
img_4372,4
img_4373,4
img_4374,1
img_4375,1
img_4376,1
img_4377,3
img_4378,1
img_4379,4
img_4380,4
img_4381,3
img_4382,2
img_4383,2
img_4384,1
img_4385,3
img_4386,4
img_4387,3
img_4388,4
img_4389,4
img_4390,1
img_4391,2
img_4392,1
img_4393,2
img_4394,3
img_4395,1
img_4396,3
img_4397,4
img_4398,3
img_4399,1
img_4400,1
img_4401,2
img_4402,2
img_4403,1
img_4404,4
img_4405,4
img_4406,2
img_4407,2
img_4408,1
img_4409,1
img_4410,3
img_4411,2
img_4412,2
img_4413,2
img_4414,4
img_4415,4
img_4416,3
img_4417,4
img_4418,3
img_4419,4
img_4420,1
img_4421,4
img_4422,1
img_4423,4
img_4424,2
img_4425,2
img_4426,3
img_4427,4
img_4428,4
img_4429,1
img_4430,4
img_4431,4
img_4432,2
img_4433,1
img_4434,1
img_4435,2
img_4436,2
img_4437,1
img_4438,3
img_4439,4
img_4440,4
img_4441,1
img_4442,4
img_4443,4
img_4444,2
img_4445,3
img_4446,4
img_4447,4
img_4448,4
img_4449,1
img_4450,2
img_4451,1
img_4452,1
img_4453,4
img_4454,4
img_4455,4
img_4456,1
img_4457,3
img_4458,2
img_4459,2
img_4460,2
img_4461,2
img_4462,2
img_4463,4
img_4464,4
img_4465,4
img_4466,4
img_4467,2
img_4468,1
img_4469,4
img_4470,1
img_4471,1
img_4472,2
img_4473,1
img_4474,1
img_4475,1
img_4476,4
img_4477,1
img_4478,3
img_4479,4
img_4480,1
img_4481,3
img_4482,4
img_4483,1
img_4484,4
img_4485,1
img_4486,1
img_4487,1
img_4488,2
img_4489,4
img_4490,1
img_4491,1
img_4492,4
img_4493,1
img_4494,1
img_4495,1
img_4496,2
img_4497,2
img_4498,2
img_4499,2
img_4500,2
img_4501,4
img_4502,4
img_4503,4
img_4504,4
img_4505,3
img_4506,2
img_4507,4
img_4508,2
img_4509,2
img_4510,2
img_4511,2
img_4512,4
img_4513,4
img_4514,4
img_4515,4
img_4516,3
img_4517,2
img_4518,4
img_4519,4
img_4520,4
img_4521,2
img_4522,2
img_4523,2
img_4524,2
img_4525,2
img_4526,2
img_4527,4
img_4528,4
img_4529,4
img_4530,2
img_4531,2
img_4532,3
img_4533,1
img_4534,3
img_4535,2
img_4536,4
img_4537,4
img_4538,4
img_4539,4
img_4540,4
img_4541,2
img_4542,2
img_4543,2
img_4544,2
img_4545,2
img_4546,4
img_4547,4
img_4548,4
img_4549,3
img_4550,2
img_4551,4
img_4552,4
img_4553,4
img_4554,4
img_4555,4
img_4556,2
img_4557,2
img_4558,2
img_4559,2
img_4560,2
img_4561,4
img_4562,4
img_4563,4
img_4564,4
img_4565,4
img_4566,2
img_4567,2
img_4568,2
img_4569,2
img_4570,3
img_4571,4
img_4572,4
img_4573,4
img_4574,4
img_4575,4
img_4576,4
img_4577,2
img_4578,2
img_4579,3
img_4580,2
img_4581,4
img_4582,4
img_4583,4
img_4584,4
img_4585,4
img_4586,4
img_4587,4
img_4588,2
img_4589,2
img_4590,2
img_4591,2
img_4592,2
img_4593,2
img_4594,2
img_4595,4
img_4596,4
img_4597,4
img_4598,2
img_4599,2
img_4600,2
img_4601,2
img_4602,2
img_4603,3
img_4604,3
img_4605,4
img_4606,4
img_4607,4
img_4608,4
img_4609,4
img_4610,4
img_4611,4
img_4612,2
img_4613,1
img_4614,3
img_4615,4
img_4616,4
img_4617,4
img_4618,2
img_4619,2
img_4620,2
img_4621,2
img_4622,4
img_4623,4
img_4624,4
img_4625,4
img_4626,4
img_4627,4
img_4628,2
img_4629,2
img_4630,3
img_4631,3
img_4632,4
img_4633,4
img_4634,4
img_4635,4
img_4636,4
img_4637,2
img_4638,2
img_4639,2
img_4640,3
img_4641,3
img_4642,4
img_4643,4
img_4644,4
img_4645,4
img_4646,2
img_4647,2
img_4648,2
img_4649,2
img_4650,2
img_4651,4
img_4652,4
img_4653,4
img_4654,4
img_4655,4
img_4656,2
img_4657,2
img_4658,2
img_4659,3
img_4660,3
img_4661,4
img_4662,4
img_4663,4
img_4664,4
img_4665,4
img_4666,4
img_4667,2
img_4668,2
img_4669,3
img_4670,3
img_4671,4
img_4672,4
img_4673,4
img_4674,4
img_4675,2
img_4676,2
img_4677,2
img_4678,2
img_4679,4
img_4680,4
img_4681,4
img_4682,4
img_4683,4
img_4684,4
img_4685,2
img_4686,2
img_4687,3
img_4688,4
img_4689,4
img_4690,4
img_4691,4
img_4692,4
img_4693,4
img_4694,2
img_4695,2
img_4696,4
img_4697,4
img_4698,2
img_4699,2
img_4700,2
img_4701,2
img_4702,3
img_4703,4
img_4704,4
img_4705,4
img_4706,4
img_4707,4
img_4708,4
img_4709,2
img_4710,2
img_4711,3
img_4712,2
img_4713,4
img_4714,1
img_4715,4
img_4716,4
img_4717,4
img_4718,2
img_4719,2
img_4720,2
img_4721,2
img_4722,2
img_4723,4
img_4724,4
img_4725,4
img_4726,3
img_4727,3
img_4728,3
img_4729,2
img_4730,2
img_4731,2
img_4732,2
img_4733,2
img_4734,4
img_4735,4
img_4736,2
img_4737,2
img_4738,1
img_4739,1
img_4740,4
img_4741,4
img_4742,4
img_4743,4
img_4744,4
img_4745,2
img_4746,2
img_4747,2
img_4748,2
img_4749,2
img_4750,2
img_4751,2
img_4752,2
img_4753,4
img_4754,4
img_4755,4
img_4756,4
img_4757,4
img_4758,4
img_4759,4
img_4760,4
img_4761,2
img_4762,2
img_4763,4
img_4764,4
img_4765,4
img_4766,4
img_4767,4
img_4768,2
img_4769,2
img_4770,2
img_4771,4
img_4772,3
img_4773,3
img_4774,4
img_4775,4
img_4776,2
img_4777,2
img_4778,4
img_4779,2
img_4780,2
img_4781,2
img_4782,2
img_4783,4
img_4784,4
img_4785,4
img_4786,2
img_4787,4
img_4788,4
img_4789,1
img_4790,4
img_4791,4
img_4792,2
img_4793,2
img_4794,2
img_4795,1
img_4796,3
img_4797,4
img_4798,2
img_4799,4
img_4800,4
img_4801,4
img_4802,4
img_4803,2
img_4804,4
img_4805,4
img_4806,4
img_4807,2
img_4808,4
img_4809,4
img_4810,1
img_4811,1
img_4812,4
img_4813,1
img_4814,4
img_4815,2
img_4816,4
img_4817,2
img_4818,2
img_4819,4
img_4820,4
img_4821,4
img_4822,3
img_4823,2
img_4824,3
img_4825,4
img_4826,2
img_4827,1
img_4828,2
img_4829,4
img_4830,1
img_4831,2
img_4832,4
img_4833,1
img_4834,4
img_4835,2
img_4836,4
img_4837,4
img_4838,4
img_4839,2
img_4840,3
img_4841,3
img_4842,4
img_4843,2
img_4844,3
img_4845,4
img_4846,2
img_4847,2
img_4848,4
img_4849,2
img_4850,4
img_4851,2
img_4852,4
img_4853,2
img_4854,3
img_4855,1
img_4856,1
img_4857,2
img_4858,1
img_4859,1
img_4860,4
img_4861,4
img_4862,3
img_4863,3
img_4864,3
img_4865,2
img_4866,4
img_4867,4
img_4868,3
img_4869,2
img_4870,2
img_4871,4
img_4872,4
img_4873,3
img_4874,3
img_4875,3
img_4876,2
img_4877,4
img_4878,4
img_4879,2
img_4880,3
img_4881,2
img_4882,1
img_4883,1
img_4884,4
img_4885,1
img_4886,3
img_4887,2
img_4888,1
img_4889,4
img_4890,4
img_4891,2
img_4892,2
img_4893,3
img_4894,2
img_4895,1
img_4896,2
img_4897,2
img_4898,2
img_4899,1
img_4900,4
img_4901,2
img_4902,1
img_4903,1
img_4904,4
img_4905,3
img_4906,1
img_4907,3
img_4908,2
img_4909,4
img_4910,3
img_4911,4
img_4912,3
img_4913,3
img_4914,2
img_4915,2
img_4916,4
img_4917,1
img_4918,1
img_4919,4
img_4920,2
img_4921,4
img_4922,3
img_4923,1
img_4924,2
img_4925,4
img_4926,4
img_4927,4
img_4928,4
img_4929,4
img_4930,4
img_4931,4
img_4932,4
img_4933,2
img_4934,2
img_4935,2
img_4936,2
img_4937,2
img_4938,2
img_4939,2
img_4940,2
img_4941,3
img_4942,4
img_4943,1
img_4944,2
img_4945,1
img_4946,2
img_4947,2
img_4948,2
img_4949,4
img_4950,1
img_4951,4
img_4952,3
img_4953,1
img_4954,4
img_4955,2
img_4956,2
img_4957,4
img_4958,2
img_4959,4
img_4960,2
img_4961,1
img_4962,2
img_4963,2
img_4964,4
img_4965,1
img_4966,1
img_4967,4
img_4968,2
img_4969,4
img_4970,3
img_4971,4
img_4972,1
img_4973,2
img_4974,4
img_4975,4
img_4976,2
img_4977,1
img_4978,2
img_4979,4
img_4980,2
img_4981,4
img_4982,2
img_4983,2
img_4984,2
img_4985,2
img_4986,2
img_4987,1
img_4988,4
img_4989,4
img_4990,4
img_4991,1
img_4992,3
img_4993,4
img_4994,3
img_4995,4
img_4996,2
img_4997,3
img_4998,4
img_4999,2
img_5000,3
img_5001,3
img_5002,2
img_5003,4
img_5004,1
img_5005,2
img_5006,2
img_5007,4
img_5008,4
img_5009,4
img_5010,2
img_5011,2
img_5012,1
img_5013,1
img_5014,4
img_5015,3
img_5016,1
img_5017,2
img_5018,4
img_5019,4
img_5020,3
img_5021,1
img_5022,4
img_5023,4
img_5024,2
img_5025,3
img_5026,3
img_5027,2
img_5028,4
img_5029,4
img_5030,3
img_5031,3
img_5032,2
img_5033,4
img_5034,4
img_5035,2
img_5036,2
img_5037,4
img_5038,1
img_5039,4
img_5040,1
img_5041,2
img_5042,2
img_5043,2
img_5044,4
img_5045,4
img_5046,3
img_5047,3
img_5048,3
img_5049,4
img_5050,1
img_5051,3
img_5052,4
img_5053,1
img_5054,2
img_5055,3
img_5056,1
img_5057,2
img_5058,4
img_5059,4
img_5060,1
img_5061,1
img_5062,4
img_5063,4
img_5064,2
img_5065,2
img_5066,4
img_5067,4
img_5068,2
img_5069,4
img_5070,3
img_5071,2
img_5072,3
img_5073,3
img_5074,2
img_5075,2
img_5076,3
img_5077,3
img_5078,1
img_5079,4
img_5080,2
img_5081,2
img_5082,4
img_5083,3
img_5084,1
img_5085,2
img_5086,1
img_5087,4
img_5088,4
img_5089,3
img_5090,2
img_5091,4
img_5092,1
img_5093,2
img_5094,2
img_5095,4
img_5096,3
img_5097,3
img_5098,4
img_5099,3
img_5100,3
img_5101,1
img_5102,4
img_5103,4
img_5104,2
img_5105,2
img_5106,4
img_5107,1
img_5108,2
img_5109,3
img_5110,3
img_5111,3
img_5112,1
img_5113,3
img_5114,2
img_5115,2
img_5116,1
img_5117,4
img_5118,4
img_5119,4
img_5120,4
img_5121,2
img_5122,2
img_5123,2
img_5124,1
img_5125,1
img_5126,2
img_5127,2
img_5128,2
img_5129,4
img_5130,4
img_5131,4
img_5132,4
img_5133,2
img_5134,3
img_5135,3
img_5136,2
img_5137,2
img_5138,1
img_5139,2
img_5140,4
img_5141,1
img_5142,4
img_5143,4
img_5144,3
img_5145,4
img_5146,2
img_5147,4
img_5148,2
img_5149,2
img_5150,3
img_5151,4
img_5152,1
img_5153,4
img_5154,3
img_5155,1
img_5156,3
img_5157,2
img_5158,1
img_5159,4
img_5160,3
img_5161,2
img_5162,4
img_5163,3
img_5164,1
img_5165,2
img_5166,4
img_5167,1
img_5168,4
img_5169,2
img_5170,1
img_5171,2
img_5172,4
img_5173,4
img_5174,1
img_5175,1
img_5176,2
img_5177,3
img_5178,3
img_5179,4
img_5180,1
img_5181,4
img_5182,1
img_5183,2
img_5184,4
img_5185,4
img_5186,4
img_5187,1
img_5188,2
img_5189,2
img_5190,4
img_5191,4
img_5192,3
img_5193,2
img_5194,4
img_5195,1
img_5196,3
img_5197,3
img_5198,3
img_5199,3
img_5200,4
img_5201,3
img_5202,3
img_5203,1
img_5204,3
img_5205,2
img_5206,3
img_5207,1
img_5208,4
img_5209,4
img_5210,2
img_5211,4
img_5212,4
img_5213,2
img_5214,1
img_5215,3
img_5216,4
img_5217,4
img_5218,1
img_5219,3
img_5220,4
img_5221,1
img_5222,3
img_5223,3
img_5224,1
img_5225,3
img_5226,3
img_5227,4
img_5228,2
img_5229,4
img_5230,2
img_5231,4
img_5232,4
img_5233,3
img_5234,2
img_5235,3
img_5236,3
img_5237,3
img_5238,1
img_5239,1
img_5240,2
img_5241,1
img_5242,4
img_5243,1
img_5244,1
img_5245,4
img_5246,2
img_5247,4
img_5248,3
img_5249,2
img_5250,3
img_5251,4
img_5252,3
img_5253,3
img_5254,2
img_5255,3
img_5256,4
img_5257,3
img_5258,1
img_5259,1
img_5260,1
img_5261,4
img_5262,2
img_5263,1
img_5264,2
img_5265,2
img_5266,4
img_5267,1
img_5268,4
img_5269,3
img_5270,3
img_5271,2
img_5272,3
img_5273,3
img_5274,1
img_5275,2
img_5276,1
img_5277,1
img_5278,2
img_5279,4
img_5280,1
img_5281,4
img_5282,4
img_5283,1
img_5284,4
img_5285,3
img_5286,3
img_5287,2
img_5288,1
img_5289,2
img_5290,4
img_5291,3
img_5292,4
img_5293,3
img_5294,2
img_5295,3
img_5296,3
img_5297,4
img_5298,1
img_5299,2
img_5300,1
img_5301,4
img_5302,4
img_5303,3
img_5304,1
img_5305,3
img_5306,4
img_5307,1
img_5308,1
img_5309,4
img_5310,2
img_5311,4
img_5312,2
img_5313,4
img_5314,4
img_5315,4
img_5316,2
img_5317,2
img_5318,4
img_5319,2
img_5320,4
img_5321,2
img_5322,4
img_5323,4
img_5324,2
img_5325,4
img_5326,2
img_5327,2
img_5328,2
img_5329,2
img_5330,2
img_5331,2
img_5332,2
img_5333,2
img_5334,4
img_5335,4
img_5336,4
img_5337,4
img_5338,4
img_5339,4
img_5340,2
img_5341,4
img_5342,3
img_5343,4
img_5344,1
img_5345,4
img_5346,2
img_5347,2
img_5348,1
img_5349,4
img_5350,4
img_5351,1
img_5352,4
img_5353,3
img_5354,1
img_5355,4
img_5356,2
img_5357,4
img_5358,2
img_5359,4
img_5360,4
img_5361,4
img_5362,4
img_5363,2
img_5364,2
img_5365,2
img_5366,4
img_5367,2
img_5368,4
img_5369,4
img_5370,1
img_5371,4
img_5372,4
img_5373,3
img_5374,4
img_5375,2
img_5376,3
img_5377,3
img_5378,3
img_5379,1
img_5380,4
img_5381,2
img_5382,1
img_5383,2
img_5384,4
img_5385,1
img_5386,4
img_5387,1
img_5388,3
img_5389,3
img_5390,4
img_5391,4
img_5392,2
img_5393,4
img_5394,2
img_5395,2
img_5396,4
img_5397,1
img_5398,4
img_5399,3
img_5400,3
img_5401,3
img_5402,3
img_5403,3
img_5404,1
img_5405,2
img_5406,2
img_5407,4
img_5408,4
img_5409,2
img_5410,3
img_5411,4
img_5412,3
img_5413,2
img_5414,2
img_5415,4
img_5416,4
img_5417,2
img_5418,4
img_5419,2
img_5420,2
img_5421,4
img_5422,2
img_5423,4
img_5424,2
img_5425,2
img_5426,4
img_5427,2
img_5428,2
img_5429,2
img_5430,4
img_5431,2
img_5432,4
img_5433,2
img_5434,4
img_5435,2
img_5436,4
img_5437,4
img_5438,2
img_5439,2
img_5440,2
img_5441,4
img_5442,4
img_5443,2
img_5444,1
img_5445,1
img_5446,1
img_5447,4
img_5448,4
img_5449,4
img_5450,4
img_5451,4
img_5452,4
img_5453,4
img_5454,4
img_5455,4
img_5456,2
img_5457,2
img_5458,2
img_5459,2
img_5460,2
img_5461,2
img_5462,2
img_5463,4
img_5464,2
img_5465,2
img_5466,2
img_5467,2
img_5468,2
img_5469,2
img_5470,2
img_5471,1
img_5472,1
img_5473,3
img_5474,4
img_5475,2
img_5476,4
img_5477,4
img_5478,2
img_5479,4
img_5480,2
img_5481,4
img_5482,4
img_5483,4
img_5484,2
img_5485,1
img_5486,2
img_5487,4
img_5488,4
img_5489,4
img_5490,2
img_5491,4
img_5492,2
img_5493,2
img_5494,4
img_5495,2
img_5496,4
img_5497,4
img_5498,4
img_5499,2
img_5500,2
img_5501,4
img_5502,2
img_5503,4
img_5504,1
img_5505,2
img_5506,2
img_5507,4
img_5508,4
img_5509,2
img_5510,4
img_5511,2
img_5512,1
img_5513,4
img_5514,2
img_5515,3
img_5516,2
img_5517,2
img_5518,2
img_5519,4
img_5520,4
img_5521,2
img_5522,4
img_5523,4
img_5524,1
img_5525,4
img_5526,2
img_5527,2
img_5528,2
img_5529,4
img_5530,4
img_5531,4
img_5532,4
img_5533,4
img_5534,2
img_5535,4
img_5536,2
img_5537,2
img_5538,2
img_5539,2
img_5540,2
img_5541,1
img_5542,3
img_5543,3
img_5544,4
img_5545,4
img_5546,3
img_5547,2
img_5548,2
img_5549,2
img_5550,4
img_5551,4
img_5552,4
img_5553,2
img_5554,4
img_5555,2
img_5556,4
img_5557,4
img_5558,2
img_5559,2
img_5560,4
img_5561,2
img_5562,2
img_5563,2
img_5564,4
img_5565,3
img_5566,4
img_5567,3
img_5568,2
img_5569,2
img_5570,2
img_5571,4
img_5572,4
img_5573,4
img_5574,2
img_5575,2
img_5576,2
img_5577,4
img_5578,1
img_5579,4
img_5580,2
img_5581,2
img_5582,2
img_5583,4
img_5584,1
img_5585,4
img_5586,2
img_5587,2
img_5588,1
img_5589,2
img_5590,4
img_5591,4
img_5592,3
img_5593,2
img_5594,2
img_5595,4
img_5596,2
img_5597,4
img_5598,4
img_5599,3
img_5600,2
img_5601,2
img_5602,2
img_5603,2
img_5604,4
img_5605,4
img_5606,4
img_5607,3
img_5608,3
img_5609,2
img_5610,2
img_5611,4
img_5612,4
img_5613,2
img_5614,4
img_5615,3
img_5616,3
img_5617,2
img_5618,2
img_5619,4
img_5620,4
img_5621,2
img_5622,4
img_5623,1
img_5624,2
img_5625,1
img_5626,3
img_5627,4
img_5628,4
img_5629,2
img_5630,3
img_5631,4
img_5632,2
img_5633,4
img_5634,4
img_5635,4
img_5636,4
img_5637,2
img_5638,2
img_5639,2
img_5640,2
img_5641,2
img_5642,2
img_5643,4
img_5644,4
img_5645,3
img_5646,2
img_5647,1
img_5648,1
img_5649,1
img_5650,3
img_5651,3
img_5652,4
img_5653,3
img_5654,1
img_5655,3
img_5656,4
img_5657,1
img_5658,4
img_5659,4
img_5660,2
img_5661,2
img_5662,2
img_5663,4
img_5664,4
img_5665,2
img_5666,4
img_5667,2
img_5668,2
img_5669,3
img_5670,4
img_5671,2
img_5672,4
img_5673,4
img_5674,3
img_5675,1
img_5676,4
img_5677,4
img_5678,4
img_5679,2
img_5680,4
img_5681,4
img_5682,2
img_5683,2
img_5684,2
img_5685,2
img_5686,1
img_5687,1
img_5688,3
img_5689,1
img_5690,4
img_5691,2
img_5692,2
img_5693,2
img_5694,2
img_5695,1
img_5696,4
img_5697,1
img_5698,4
img_5699,3
img_5700,3
img_5701,1
img_5702,3
img_5703,2
img_5704,3
img_5705,3
img_5706,4
img_5707,2
img_5708,4
img_5709,4
img_5710,2
img_5711,2
img_5712,4
img_5713,2
img_5714,2
img_5715,1
img_5716,4
img_5717,1
img_5718,4
img_5719,3
img_5720,3
img_5721,3
img_5722,2
img_5723,3
img_5724,3
img_5725,3
img_5726,4
img_5727,2
img_5728,4
img_5729,4
img_5730,2
img_5731,2
img_5732,2
img_5733,2
img_5734,3
img_5735,2
img_5736,1
img_5737,4
img_5738,1
img_5739,4
img_5740,3
img_5741,3
img_5742,3
img_5743,2
img_5744,3
img_5745,2
img_5746,3
img_5747,4
img_5748,2
img_5749,4
img_5750,4
img_5751,3
img_5752,3
img_5753,1
img_5754,1
img_5755,3
img_5756,4
img_5757,4
img_5758,4
img_5759,2
img_5760,4
img_5761,4
img_5762,1
img_5763,4
img_5764,2
img_5765,4
img_5766,4
img_5767,2
img_5768,2
img_5769,2
img_5770,2
img_5771,2
img_5772,1
img_5773,1
img_5774,2
img_5775,1
img_5776,3
img_5777,4
img_5778,2
img_5779,3
img_5780,2
img_5781,3
img_5782,2
img_5783,2
img_5784,1
img_5785,1
img_5786,3
img_5787,3
img_5788,2
img_5789,3
img_5790,1
img_5791,2
img_5792,4
img_5793,4
img_5794,3
img_5795,4
img_5796,4
img_5797,4
img_5798,3
img_5799,2
img_5800,2
img_5801,2
img_5802,2
img_5803,1
img_5804,2
img_5805,4
img_5806,2
img_5807,1
img_5808,1
img_5809,3
img_5810,3
img_5811,1
img_5812,2
img_5813,2
img_5814,4
img_5815,4
img_5816,4
img_5817,1
img_5818,2
img_5819,3
img_5820,3
img_5821,4
img_5822,2
img_5823,3
img_5824,4
img_5825,4
img_5826,2
img_5827,2
img_5828,2
img_5829,4
img_5830,4
img_5831,4
img_5832,3
img_5833,4
img_5834,2
img_5835,4
img_5836,4
img_5837,2
img_5838,2
img_5839,1
img_5840,3
img_5841,3
img_5842,3
img_5843,2
img_5844,2
img_5845,4
img_5846,3
img_5847,3
img_5848,4
img_5849,2
img_5850,4
img_5851,2
img_5852,1
img_5853,4
img_5854,4
img_5855,3
img_5856,2
img_5857,4
img_5858,2
img_5859,2
img_5860,1
img_5861,2
img_5862,3
img_5863,4
img_5864,1
img_5865,3
img_5866,1
img_5867,4
img_5868,1
img_5869,4
img_5870,3
img_5871,3
img_5872,4
img_5873,2
img_5874,1
img_5875,2
img_5876,1
img_5877,1
img_5878,4
img_5879,3
img_5880,2
img_5881,3
img_5882,4
img_5883,2
img_5884,3
img_5885,1
img_5886,3
img_5887,3
img_5888,2
img_5889,4
img_5890,3
img_5891,3
img_5892,2
img_5893,1
img_5894,2
img_5895,3
img_5896,4
img_5897,1
img_5898,4
img_5899,1
img_5900,2
img_5901,2
img_5902,1
img_5903,4
img_5904,4
img_5905,3
img_5906,2
img_5907,2
img_5908,4
img_5909,4
img_5910,2
img_5911,4
img_5912,4
img_5913,4
img_5914,1
img_5915,2
img_5916,3
img_5917,2
img_5918,3
img_5919,3
img_5920,4
img_5921,1
img_5922,2
img_5923,1
img_5924,3
img_5925,2
img_5926,4
img_5927,4
img_5928,1
img_5929,2
img_5930,2
img_5931,2
img_5932,3
img_5933,3
img_5934,3
img_5935,2
img_5936,2
img_5937,4
img_5938,4
img_5939,3
img_5940,3
img_5941,4
img_5942,3
img_5943,2
img_5944,3
img_5945,3
img_5946,4
img_5947,4
img_5948,3
img_5949,3
img_5950,4
img_5951,2
img_5952,4
img_5953,4
img_5954,2
img_5955,1
img_5956,2
img_5957,2
img_5958,2
img_5959,4
img_5960,4
img_5961,4
img_5962,2
img_5963,1
img_5964,2
img_5965,2
img_5966,2
img_5967,4
img_5968,4
img_5969,4
img_5970,3
img_5971,4
img_5972,2
img_5973,4
img_5974,4
img_5975,1
img_5976,1
img_5977,2
img_5978,2
img_5979,4
img_5980,2
img_5981,4
img_5982,2
img_5983,2
img_5984,1
img_5985,3
img_5986,3
img_5987,3
img_5988,1
img_5989,4
img_5990,4
img_5991,2
img_5992,2
img_5993,3
img_5994,4
img_5995,3
img_5996,4
img_5997,2
img_5998,2
img_5999,2
img_6000,2
img_6001,4
img_6002,4
img_6003,4
img_6004,4
img_6005,2
img_6006,4
img_6007,2
img_6008,2
img_6009,2
img_6010,4
img_6011,2
img_6012,4
img_6013,4
img_6014,4
img_6015,4
img_6016,2
img_6017,2
img_6018,2
img_6019,2
img_6020,4
img_6021,4
img_6022,2
img_6023,2
img_6024,2
img_6025,4
img_6026,2
img_6027,2
img_6028,2
img_6029,4
img_6030,4
img_6031,4
img_6032,4
img_6033,2
img_6034,4
img_6035,2
img_6036,2
img_6037,2
img_6038,2
img_6039,4
img_6040,4
img_6041,4
img_6042,4
img_6043,2
img_6044,2
img_6045,2
img_6046,4
img_6047,2
img_6048,4
img_6049,2
img_6050,2
img_6051,4
img_6052,4
img_6053,2
img_6054,4
img_6055,2
img_6056,2
img_6057,4
img_6058,4
img_6059,2
img_6060,4
img_6061,2
img_6062,2
img_6063,2
img_6064,4
img_6065,4
img_6066,4
img_6067,4
img_6068,2
img_6069,4
img_6070,4
img_6071,2
img_6072,2
img_6073,2
img_6074,2
img_6075,2
img_6076,4
img_6077,4
img_6078,2
img_6079,2
img_6080,4
img_6081,4
img_6082,4
img_6083,3
img_6084,4
img_6085,3
img_6086,4
img_6087,3
img_6088,4
img_6089,1
img_6090,4
img_6091,2
img_6092,2
img_6093,4
img_6094,3
img_6095,3
img_6096,4
img_6097,2
img_6098,3
img_6099,4
img_6100,2
img_6101,4
img_6102,2
img_6103,1
img_6104,3
img_6105,4
img_6106,4
img_6107,3
img_6108,4
img_6109,2
img_6110,2
img_6111,2
img_6112,4
img_6113,4
img_6114,2
img_6115,4
img_6116,2
img_6117,2
img_6118,4
img_6119,4
img_6120,1
img_6121,3
img_6122,3
img_6123,2
img_6124,3
img_6125,2
img_6126,2
img_6127,2
img_6128,4
img_6129,4
img_6130,4
img_6131,4
img_6132,4
img_6133,2
img_6134,2
img_6135,2
img_6136,2
img_6137,3
img_6138,1
img_6139,2
img_6140,1
img_6141,3
img_6142,4
img_6143,2
img_6144,1
img_6145,1
img_6146,4
img_6147,1
img_6148,1
img_6149,1
img_6150,4
img_6151,2
img_6152,1
img_6153,1
img_6154,1
img_6155,2
img_6156,1
img_6157,1
img_6158,4
img_6159,2
img_6160,1
img_6161,4
img_6162,2
img_6163,1
img_6164,4
img_6165,2
img_6166,1
img_6167,4
img_6168,1
img_6169,4
img_6170,3
img_6171,4
img_6172,2
img_6173,1
img_6174,3
img_6175,2
img_6176,3
img_6177,1
img_6178,2
img_6179,1
img_6180,3
img_6181,1
img_6182,1
img_6183,4
img_6184,2
img_6185,1
img_6186,4
img_6187,2
img_6188,1
img_6189,4
img_6190,2
img_6191,1
img_6192,3
img_6193,2
img_6194,1
img_6195,4
img_6196,2
img_6197,1
img_6198,3
img_6199,4
img_6200,2
img_6201,1
img_6202,3
img_6203,4
img_6204,1
img_6205,1
img_6206,3
img_6207,4
img_6208,2
img_6209,1
img_6210,3
img_6211,4
img_6212,2
img_6213,1
img_6214,3
img_6215,1
img_6216,2
img_6217,1
img_6218,1
img_6219,3
img_6220,2
img_6221,1
img_6222,1
img_6223,4
img_6224,3
img_6225,1
img_6226,3
img_6227,4
img_6228,2
img_6229,1
img_6230,3
img_6231,4
img_6232,2
img_6233,3
img_6234,3
img_6235,4
img_6236,2
img_6237,1
img_6238,4
img_6239,2
img_6240,3
img_6241,4
img_6242,3
img_6243,3
img_6244,4
img_6245,2
img_6246,3
img_6247,4
img_6248,2
img_6249,1
img_6250,1
img_6251,2
img_6252,3
img_6253,4
img_6254,2
img_6255,3
img_6256,4
img_6257,2
img_6258,1
img_6259,4
img_6260,1
img_6261,3
img_6262,4
img_6263,1
img_6264,3
img_6265,4
img_6266,3
img_6267,4
img_6268,1
img_6269,4
img_6270,1
img_6271,4
img_6272,3
img_6273,4
img_6274,4
img_6275,1
img_6276,4
img_6277,2
img_6278,3
img_6279,4
img_6280,2
img_6281,3
img_6282,1
img_6283,4
img_6284,2
img_6285,3
img_6286,3
img_6287,4
img_6288,2
img_6289,3
img_6290,1
img_6291,4
img_6292,2
img_6293,3
img_6294,1
img_6295,4
img_6296,2
img_6297,1
img_6298,3
img_6299,4
img_6300,2
img_6301,3
img_6302,3
img_6303,4
img_6304,2
img_6305,3
img_6306,3
img_6307,4
img_6308,2
img_6309,1
img_6310,4
img_6311,2
img_6312,1
img_6313,4
img_6314,3
img_6315,3
img_6316,1
img_6317,1
img_6318,4
img_6319,1
img_6320,1
img_6321,1
img_6322,4
img_6323,2
img_6324,1
img_6325,4
img_6326,2
img_6327,3
img_6328,1
img_6329,4
img_6330,4
img_6331,1
img_6332,1
img_6333,1
img_6334,1
img_6335,4
img_6336,1
img_6337,1
img_6338,1
img_6339,1
img_6340,1
img_6341,3
img_6342,3
img_6343,1
img_6344,1
img_6345,1
img_6346,2
img_6347,1
